BAND NUMBER,BAND_SIZE,BAND_TYPE,ISSUE OR TRANSFER REQUEST DATE
122274233,2,BE,10/11/2017
122274266,2,BE,10/11/2017
122274267,2,BE,10/11/2017
122274268,2,BE,10/11/2017
122274269,2,BE,10/11/2017
122274270,2,BE,10/11/2017
122274271,2,BE,10/11/2017
122275001,2,BE,10/04/2017
122275002,2,BE,10/04/2017
122275003,2,BE,10/04/2017
122275004,2,BE,10/04/2017
122275005,2,BE,10/04/2017
122275006,2,BE,10/04/2017
122275007,2,BE,10/04/2017
122275008,2,BE,10/04/2017
122275009,2,BE,10/04/2017
122275010,2,BE,10/04/2017
122275011,2,BE,10/04/2017
122275012,2,BE,10/04/2017
122275013,2,BE,10/04/2017
122275014,2,BE,10/04/2017
122275015,2,BE,10/04/2017
122275016,2,BE,10/04/2017
122275017,2,BE,10/04/2017
122275018,2,BE,10/04/2017
122275019,2,BE,10/04/2017
122275020,2,BE,10/04/2017
122275021,2,BE,10/04/2017
122275022,2,BE,10/04/2017
122275023,2,BE,10/04/2017
122275024,2,BE,10/04/2017
122275025,2,BE,10/04/2017
122275026,2,BE,10/04/2017
122275027,2,BE,10/04/2017
122275028,2,BE,10/04/2017
122275029,2,BE,10/04/2017
122275030,2,BE,10/04/2017
122275031,2,BE,10/04/2017
122275032,2,BE,10/04/2017
122275033,2,BE,10/04/2017
122275034,2,BE,10/04/2017
122275035,2,BE,10/04/2017
122275036,2,BE,10/04/2017
122275037,2,BE,10/04/2017
122275038,2,BE,10/04/2017
122275039,2,BE,10/04/2017
122275040,2,BE,10/04/2017
122275041,2,BE,10/04/2017
122275042,2,BE,10/04/2017
122275043,2,BE,10/04/2017
122275044,2,BE,10/04/2017
122275045,2,BE,10/04/2017
122275046,2,BE,10/04/2017
122275047,2,BE,10/04/2017
122275048,2,BE,10/04/2017
122275049,2,BE,10/04/2017
122275050,2,BE,10/04/2017
122275051,2,BE,10/04/2017
122275052,2,BE,10/04/2017
122275053,2,BE,10/04/2017
122275054,2,BE,10/04/2017
122275055,2,BE,10/04/2017
122275056,2,BE,10/04/2017
122275057,2,BE,10/04/2017
122275058,2,BE,10/04/2017
122275059,2,BE,10/04/2017
122275060,2,BE,10/04/2017
122275061,2,BE,10/04/2017
122275062,2,BE,10/04/2017
122275063,2,BE,10/04/2017
122275064,2,BE,10/04/2017
122275065,2,BE,10/04/2017
122275066,2,BE,10/04/2017
122275067,2,BE,10/04/2017
122275068,2,BE,10/04/2017
122275069,2,BE,10/04/2017
122275070,2,BE,10/04/2017
122275071,2,BE,10/04/2017
122275072,2,BE,10/04/2017
122275073,2,BE,10/04/2017
122275074,2,BE,10/04/2017
122275075,2,BE,10/04/2017
122275076,2,BE,10/04/2017
122275077,2,BE,10/04/2017
122275078,2,BE,10/04/2017
122275079,2,BE,10/04/2017
122275080,2,BE,10/04/2017
122275081,2,BE,10/04/2017
122275082,2,BE,10/04/2017
122275083,2,BE,10/04/2017
122275084,2,BE,10/04/2017
122275085,2,BE,10/04/2017
122275086,2,BE,10/04/2017
122275087,2,BE,10/04/2017
122275088,2,BE,10/04/2017
122275089,2,BE,10/04/2017
122275090,2,BE,10/04/2017
122275091,2,BE,10/04/2017
122275092,2,BE,10/04/2017
122275093,2,BE,10/04/2017
122275094,2,BE,10/04/2017
122275095,2,BE,10/04/2017
122275096,2,BE,10/04/2017
122275097,2,BE,10/04/2017
122275098,2,BE,10/04/2017
122275099,2,BE,10/04/2017
122275100,2,BE,10/04/2017
123233601,2,BE,07/14/2006
123233602,2,BE,07/14/2006
123233603,2,BE,07/14/2006
123233604,2,BE,07/14/2006
123233605,2,BE,07/14/2006
123233606,2,BE,07/14/2006
123233607,2,BE,07/14/2006
123233608,2,BE,07/14/2006
123233609,2,BE,07/14/2006
123233610,2,BE,07/14/2006
123233611,2,BE,07/14/2006
123233612,2,BE,07/14/2006
123233613,2,BE,07/14/2006
123233614,2,BE,07/14/2006
123233615,2,BE,07/14/2006
123233616,2,BE,07/14/2006
123233617,2,BE,07/14/2006
123233618,2,BE,07/14/2006
123233619,2,BE,07/14/2006
123233620,2,BE,07/14/2006
123233621,2,BE,07/14/2006
123233622,2,BE,07/14/2006
123233623,2,BE,07/14/2006
123233624,2,BE,07/14/2006
123233625,2,BE,07/14/2006
123233626,2,BE,07/14/2006
123233627,2,BE,07/14/2006
123233628,2,BE,07/14/2006
123233629,2,BE,07/14/2006
123233630,2,BE,07/14/2006
123233631,2,BE,07/14/2006
123233632,2,BE,07/14/2006
123233633,2,BE,07/14/2006
123233634,2,BE,07/14/2006
123233635,2,BE,07/14/2006
123233636,2,BE,07/14/2006
123233637,2,BE,07/14/2006
123233638,2,BE,07/14/2006
123233639,2,BE,07/14/2006
123233640,2,BE,07/14/2006
123233641,2,BE,07/14/2006
123233642,2,BE,07/14/2006
123233643,2,BE,07/14/2006
123233644,2,BE,07/14/2006
123233645,2,BE,07/14/2006
123233646,2,BE,07/14/2006
123233647,2,BE,07/14/2006
123233648,2,BE,07/14/2006
123233649,2,BE,07/14/2006
123233650,2,BE,07/14/2006
123233651,2,BE,07/14/2006
123233652,2,BE,07/14/2006
123233653,2,BE,07/14/2006
123233654,2,BE,07/14/2006
123233655,2,BE,07/14/2006
123233656,2,BE,07/14/2006
123233657,2,BE,07/14/2006
123233658,2,BE,07/14/2006
123233659,2,BE,07/14/2006
123233660,2,BE,07/14/2006
123233661,2,BE,07/14/2006
123233662,2,BE,07/14/2006
123233663,2,BE,07/14/2006
123233664,2,BE,07/14/2006
123233665,2,BE,07/14/2006
123233666,2,BE,07/14/2006
123233667,2,BE,07/14/2006
123233668,2,BE,07/14/2006
123233669,2,BE,07/14/2006
123233670,2,BE,07/14/2006
123233671,2,BE,07/14/2006
123233672,2,BE,07/14/2006
123233673,2,BE,07/21/2020
123233674,2,BE,07/21/2020
123233675,2,BE,07/21/2020
123233676,2,BE,07/21/2020
123233677,2,BE,07/21/2020
123233678,2,BE,07/21/2020
123233679,2,BE,07/21/2020
123233680,2,BE,07/21/2020
123233681,2,BE,07/21/2020
123233682,2,BE,07/21/2020
123233683,2,BE,07/21/2020
123233684,2,BE,07/21/2020
123233685,2,BE,07/21/2020
123233686,2,BE,07/21/2020
123233687,2,BE,07/21/2020
123233688,2,BE,07/21/2020
123233689,2,BE,07/21/2020
123233690,2,BE,07/21/2020
123233691,2,BE,07/21/2020
123233692,2,BE,07/21/2020
123233693,2,BE,07/21/2020
123233694,2,BE,07/21/2020
123233695,2,BE,07/21/2020
123233696,2,BE,07/21/2020
123233697,2,BE,07/21/2020
123233698,2,BE,07/21/2020
123233699,2,BE,07/21/2020
123233700,2,BE,07/14/2006
129231903,2,BE,07/07/2020
129231904,2,BE,07/07/2020
129231905,2,BE,07/07/2020
129231906,2,BE,07/07/2020
129231907,2,BE,07/07/2020
129231908,2,BE,07/07/2020
129231909,2,BE,12/03/2008
129231910,2,BE,07/07/2020
129231922,2,BE,10/28/2008
129231923,2,BE,10/28/2008
129231924,2,BE,10/28/2008
129231925,2,BE,10/28/2008
129231926,2,BE,10/28/2008
129231927,2,BE,07/07/2020
129231928,2,BE,07/07/2020
129231929,2,BE,07/07/2020
129231930,2,BE,07/07/2020
129231931,2,BE,07/07/2020
129231932,2,BE,07/07/2020
129231933,2,BE,07/07/2020
129231934,2,BE,07/07/2020
129231935,2,BE,07/07/2020
129231936,2,BE,07/07/2020
129231937,2,BE,10/28/2008
129231938,2,BE,10/28/2008
129231939,2,BE,10/28/2008
129231940,2,BE,10/28/2008
129231955,2,BE,07/07/2020
129231956,2,BE,07/07/2020
129231957,2,BE,07/07/2020
129231958,2,BE,07/07/2020
129231959,2,BE,07/07/2020
129231960,2,BE,07/07/2020
129231961,2,BE,10/28/2008
129231962,2,BE,07/07/2020
129231963,2,BE,10/28/2008
129231964,2,BE,07/07/2020
129231965,2,BE,07/07/2020
129231995,2,BE,07/07/2020
129231996,2,BE,07/07/2020
129231997,2,BE,10/28/2008
129231998,2,BE,10/28/2008
129231999,2,BE,10/28/2008
129232000,2,BE,10/28/2008
129232001,2,BE,07/07/2020
129232002,2,BE,07/07/2020
129232003,2,BE,07/07/2020
129232004,2,BE,07/07/2020
129232005,2,BE,07/07/2020
129232006,2,BE,07/07/2020
129232007,2,BE,07/07/2020
129232008,2,BE,07/07/2020
129232009,2,BE,07/07/2020
129232010,2,BE,07/07/2020
129232011,2,BE,07/07/2020
129232012,2,BE,07/07/2020
129232013,2,BE,07/07/2020
129232014,2,BE,10/28/2008
129232015,2,BE,10/28/2008
129232016,2,BE,10/28/2008
129232017,2,BE,10/28/2008
129232018,2,BE,10/28/2008
129232019,2,BE,10/28/2008
129232020,2,BE,07/07/2020
129232021,2,BE,07/07/2020
129232022,2,BE,07/07/2020
129232023,2,BE,07/07/2020
129232024,2,BE,07/07/2020
129232025,2,BE,10/28/2008
129232026,2,BE,10/28/2008
129232027,2,BE,10/28/2008
129232028,2,BE,07/07/2020
129232029,2,BE,10/28/2008
129232030,2,BE,07/07/2020
129232031,2,BE,10/28/2008
129232032,2,BE,10/28/2008
129232033,2,BE,10/28/2008
129232034,2,BE,10/28/2008
129232035,2,BE,10/28/2008
129232036,2,BE,10/28/2008
129232037,2,BE,10/28/2008
129232038,2,BE,10/28/2008
129232039,2,BE,10/28/2008
129232040,2,BE,10/28/2008
129232041,2,BE,10/28/2008
129232042,2,BE,10/28/2008
129232043,2,BE,10/28/2008
129232044,2,BE,10/28/2008
129232045,2,BE,10/28/2008
129232046,2,BE,10/28/2008
129232047,2,BE,10/28/2008
129232048,2,BE,10/28/2008
129232049,2,BE,10/28/2008
129232050,2,BE,10/28/2008
129232051,2,BE,10/28/2008
129232052,2,BE,10/28/2008
129232053,2,BE,10/28/2008
129232054,2,BE,10/28/2008
129232055,2,BE,10/28/2008
129232056,2,BE,10/28/2008
129232057,2,BE,10/28/2008
129232058,2,BE,10/28/2008
129232059,2,BE,10/28/2008
129232060,2,BE,10/28/2008
129232061,2,BE,10/28/2008
129232062,2,BE,10/28/2008
129232063,2,BE,10/28/2008
129232064,2,BE,10/28/2008
129232065,2,BE,07/07/2020
129232066,2,BE,07/07/2020
129232067,2,BE,07/07/2020
129232068,2,BE,07/07/2020
129232069,2,BE,07/07/2020
129232070,2,BE,07/07/2020
129232071,2,BE,07/07/2020
129232072,2,BE,07/07/2020
129232073,2,BE,07/07/2020
129232074,2,BE,07/07/2020
129232075,2,BE,07/07/2020
129232076,2,BE,07/07/2020
129232077,2,BE,07/07/2020
129232078,2,BE,07/07/2020
129232079,2,BE,07/07/2020
129232080,2,BE,07/07/2020
129232081,2,BE,07/07/2020
129232082,2,BE,10/28/2008
129232083,2,BE,10/28/2008
129232084,2,BE,10/28/2008
129232085,2,BE,10/28/2008
129232086,2,BE,10/28/2008
129232087,2,BE,10/28/2008
129232088,2,BE,10/28/2008
129232089,2,BE,10/28/2008
129232090,2,BE,10/28/2008
129232091,2,BE,10/28/2008
129232092,2,BE,10/28/2008
129232093,2,BE,10/28/2008
129232094,2,BE,10/28/2008
129232095,2,BE,10/28/2008
129232096,2,BE,10/28/2008
129232097,2,BE,10/28/2008
129232098,2,BE,10/28/2008
129232099,2,BE,10/28/2008
129232100,2,BE,10/28/2008
129232146,2,BE,07/07/2020
129232147,2,BE,07/07/2020
129232148,2,BE,07/07/2020
129232149,2,BE,07/07/2020
129232150,2,BE,07/07/2020
129232151,2,BE,07/07/2020
129232152,2,BE,07/07/2020
129232153,2,BE,07/07/2020
129232154,2,BE,07/07/2020
129232155,2,BE,07/07/2020
129232156,2,BE,07/07/2020
129232157,2,BE,07/07/2020
129232158,2,BE,10/28/2008
129232159,2,BE,10/28/2008
129232160,2,BE,07/07/2020
129232161,2,BE,07/07/2020
129232162,2,BE,07/07/2020
129232163,2,BE,07/07/2020
129232164,2,BE,07/07/2020
129232165,2,BE,07/07/2020
129232166,2,BE,07/07/2020
129232167,2,BE,07/07/2020
129232168,2,BE,07/07/2020
129232169,2,BE,07/07/2020
129232170,2,BE,07/07/2020
129232171,2,BE,07/07/2020
129232172,2,BE,07/07/2020
129232173,2,BE,07/07/2020
129232174,2,BE,10/28/2008
129232175,2,BE,10/28/2008
129232176,2,BE,10/28/2008
129232177,2,BE,10/28/2008
129232178,2,BE,10/28/2008
129232179,2,BE,07/07/2020
129232180,2,BE,10/28/2008
129232181,2,BE,07/07/2020
129232182,2,BE,10/28/2008
129232183,2,BE,10/28/2008
129232184,2,BE,10/28/2008
129232185,2,BE,10/28/2008
129232186,2,BE,10/28/2008
129232187,2,BE,07/07/2020
129232188,2,BE,10/28/2008
129232189,2,BE,10/28/2008
129232190,2,BE,10/28/2008
129232191,2,BE,10/28/2008
129232192,2,BE,10/28/2008
129232193,2,BE,10/28/2008
129232194,2,BE,10/28/2008
129232195,2,BE,10/28/2008
129232196,2,BE,10/28/2008
129232197,2,BE,10/28/2008
129232198,2,BE,10/28/2008
129232199,2,BE,10/28/2008
129232200,2,BE,10/28/2008
129267697,2,BE,07/05/2020
129267699,2,BE,07/05/2020
142220901,2,BE,04/19/2022
142220902,2,BE,04/19/2022
142220903,2,BE,04/19/2022
142220904,2,BE,04/19/2022
142220905,2,BE,04/19/2022
142220906,2,BE,04/19/2022
142220907,2,BE,04/19/2022
142220908,2,BE,04/19/2022
142220909,2,BE,04/19/2022
142220910,2,BE,04/19/2022
142220911,2,BE,04/19/2022
142220912,2,BE,04/19/2022
142220913,2,BE,04/19/2022
142220914,2,BE,04/19/2022
142220915,2,BE,04/19/2022
142220916,2,BE,04/19/2022
142220917,2,BE,04/19/2022
142220918,2,BE,04/19/2022
142220919,2,BE,04/19/2022
142220920,2,BE,04/19/2022
142220921,2,BE,04/19/2022
142220922,2,BE,04/19/2022
142220923,2,BE,04/19/2022
142220924,2,BE,04/19/2022
142220925,2,BE,04/19/2022
142220926,2,BE,04/19/2022
142220927,2,BE,04/19/2022
142220928,2,BE,04/19/2022
142220929,2,BE,04/19/2022
142220930,2,BE,04/19/2022
142220931,2,BE,04/19/2022
142220932,2,BE,04/19/2022
142220933,2,BE,04/19/2022
142220934,2,BE,04/19/2022
142220935,2,BE,04/19/2022
142220936,2,BE,04/19/2022
142220937,2,BE,04/19/2022
142220938,2,BE,04/19/2022
142220939,2,BE,04/19/2022
142220940,2,BE,04/19/2022
142220941,2,BE,04/19/2022
142220942,2,BE,04/19/2022
142220943,2,BE,04/19/2022
142220944,2,BE,04/19/2022
142220945,2,BE,04/19/2022
142220946,2,BE,04/19/2022
142220947,2,BE,04/19/2022
142220948,2,BE,04/19/2022
142220949,2,BE,04/19/2022
142220950,2,BE,04/19/2022
142220951,2,BE,04/19/2022
142220952,2,BE,04/19/2022
142220953,2,BE,04/19/2022
142220954,2,BE,04/19/2022
142220955,2,BE,04/19/2022
142220956,2,BE,04/19/2022
142220957,2,BE,04/19/2022
142220958,2,BE,04/19/2022
142220959,2,BE,04/19/2022
142220960,2,BE,04/19/2022
142220961,2,BE,04/19/2022
142220962,2,BE,04/19/2022
142220963,2,BE,04/19/2022
142220964,2,BE,04/19/2022
142220965,2,BE,04/19/2022
142220966,2,BE,04/19/2022
142220967,2,BE,04/19/2022
142220968,2,BE,04/19/2022
142220969,2,BE,04/19/2022
142220970,2,BE,04/19/2022
142220971,2,BE,04/19/2022
142220972,2,BE,04/19/2022
142220973,2,BE,04/19/2022
142220974,2,BE,04/19/2022
142220975,2,BE,04/19/2022
142220976,2,BE,04/19/2022
142220977,2,BE,04/19/2022
142220978,2,BE,04/19/2022
142220979,2,BE,04/19/2022
142220980,2,BE,04/19/2022
142220981,2,BE,04/19/2022
142220982,2,BE,04/19/2022
142220983,2,BE,04/19/2022
142220984,2,BE,04/19/2022
142220985,2,BE,04/19/2022
142220986,2,BE,04/19/2022
142220987,2,BE,04/19/2022
142220988,2,BE,04/19/2022
142220989,2,BE,04/19/2022
142220990,2,BE,04/19/2022
142220991,2,BE,04/19/2022
142220992,2,BE,04/19/2022
142220993,2,BE,04/19/2022
142220994,2,BE,04/19/2022
142220995,2,BE,04/19/2022
142220996,2,BE,04/19/2022
142220997,2,BE,04/19/2022
142220998,2,BE,04/19/2022
142220999,2,BE,04/19/2022
142221000,2,BE,04/19/2022
142221001,2,BE,04/19/2022
142221002,2,BE,04/19/2022
142221003,2,BE,04/19/2022
142221004,2,BE,04/19/2022
142221005,2,BE,04/19/2022
142221006,2,BE,04/19/2022
142221007,2,BE,04/19/2022
142221008,2,BE,04/19/2022
142221009,2,BE,04/19/2022
142221010,2,BE,04/19/2022
142221011,2,BE,04/19/2022
142221012,2,BE,04/19/2022
142221013,2,BE,04/19/2022
142221014,2,BE,04/19/2022
142221015,2,BE,04/19/2022
142221016,2,BE,04/19/2022
142221017,2,BE,04/19/2022
142221018,2,BE,04/19/2022
142221019,2,BE,04/19/2022
142221020,2,BE,04/19/2022
142221021,2,BE,04/19/2022
142221022,2,BE,04/19/2022
142221023,2,BE,04/19/2022
142221024,2,BE,04/19/2022
142221025,2,BE,04/19/2022
142221026,2,BE,04/19/2022
142221027,2,BE,04/19/2022
142221028,2,BE,04/19/2022
142221029,2,BE,04/19/2022
142221030,2,BE,04/19/2022
142221031,2,BE,04/19/2022
142221032,2,BE,04/19/2022
142221033,2,BE,04/19/2022
142221034,2,BE,04/19/2022
142221035,2,BE,04/19/2022
142221036,2,BE,04/19/2022
142221037,2,BE,04/19/2022
142221038,2,BE,04/19/2022
142221039,2,BE,04/19/2022
142221040,2,BE,04/19/2022
142221041,2,BE,04/19/2022
142221042,2,BE,04/19/2022
142221043,2,BE,04/19/2022
142221044,2,BE,04/19/2022
142221045,2,BE,04/19/2022
142221046,2,BE,04/19/2022
142221047,2,BE,04/19/2022
142221048,2,BE,04/19/2022
142221049,2,BE,04/19/2022
142221050,2,BE,04/19/2022
142221051,2,BE,04/19/2022
142221052,2,BE,04/19/2022
142221053,2,BE,04/19/2022
142221054,2,BE,04/19/2022
142221055,2,BE,04/19/2022
142221056,2,BE,04/19/2022
142221057,2,BE,04/19/2022
142221058,2,BE,04/19/2022
142221059,2,BE,04/19/2022
142221060,2,BE,04/19/2022
142221061,2,BE,04/19/2022
142221062,2,BE,04/19/2022
142221063,2,BE,04/19/2022
142221064,2,BE,04/19/2022
142221065,2,BE,04/19/2022
142221066,2,BE,04/19/2022
142221067,2,BE,04/19/2022
142221068,2,BE,04/19/2022
142221069,2,BE,04/19/2022
142221070,2,BE,04/19/2022
142221071,2,BE,04/19/2022
142221072,2,BE,04/19/2022
142221073,2,BE,04/19/2022
142221074,2,BE,04/19/2022
142221075,2,BE,04/19/2022
142221076,2,BE,04/19/2022
142221077,2,BE,04/19/2022
142221078,2,BE,04/19/2022
142221079,2,BE,04/19/2022
142221080,2,BE,04/19/2022
142221081,2,BE,04/19/2022
142221082,2,BE,04/19/2022
142221083,2,BE,04/19/2022
142221084,2,BE,04/19/2022
142221085,2,BE,04/19/2022
142221086,2,BE,04/19/2022
142221087,2,BE,04/19/2022
142221088,2,BE,04/19/2022
142221089,2,BE,04/19/2022
142221090,2,BE,04/19/2022
142221091,2,BE,04/19/2022
142221092,2,BE,04/19/2022
142221093,2,BE,04/19/2022
142221094,2,BE,04/19/2022
142221095,2,BE,04/19/2022
142221096,2,BE,04/19/2022
142221097,2,BE,04/19/2022
142221098,2,BE,04/19/2022
142221099,2,BE,04/19/2022
142221100,2,BE,04/19/2022
142263701,2,BE,04/04/2024
142263702,2,BE,04/04/2024
142263703,2,BE,04/04/2024
142263704,2,BE,04/04/2024
142263705,2,BE,04/04/2024
142263706,2,BE,04/04/2024
142263707,2,BE,04/04/2024
142263708,2,BE,04/04/2024
142263709,2,BE,04/04/2024
142263710,2,BE,04/04/2024
142263711,2,BE,04/04/2024
142263712,2,BE,04/04/2024
142263713,2,BE,04/04/2024
142263714,2,BE,04/04/2024
142263715,2,BE,04/04/2024
142263716,2,BE,04/04/2024
142263717,2,BE,04/04/2024
142263718,2,BE,04/04/2024
142263719,2,BE,04/04/2024
142263720,2,BE,04/04/2024
142263721,2,BE,04/04/2024
142263722,2,BE,04/04/2024
142263723,2,BE,04/04/2024
142263724,2,BE,04/04/2024
142263725,2,BE,04/04/2024
142263726,2,BE,04/04/2024
142263727,2,BE,04/04/2024
142263728,2,BE,04/04/2024
142263729,2,BE,04/04/2024
142263730,2,BE,04/04/2024
142263731,2,BE,04/04/2024
142263732,2,BE,04/04/2024
142263733,2,BE,04/04/2024
142263734,2,BE,04/04/2024
142263735,2,BE,04/04/2024
142263736,2,BE,04/04/2024
142263737,2,BE,04/04/2024
142263738,2,BE,04/04/2024
142263739,2,BE,04/04/2024
142263740,2,BE,04/04/2024
142263741,2,BE,04/04/2024
142263742,2,BE,04/04/2024
142263743,2,BE,04/04/2024
142263744,2,BE,04/04/2024
142263745,2,BE,04/04/2024
142263746,2,BE,04/04/2024
142263747,2,BE,04/04/2024
142263748,2,BE,04/04/2024
142263749,2,BE,04/04/2024
142263750,2,BE,04/04/2024
142263751,2,BE,04/04/2024
142263752,2,BE,04/04/2024
142263753,2,BE,04/04/2024
142263754,2,BE,04/04/2024
142263755,2,BE,04/04/2024
142263756,2,BE,04/04/2024
142263757,2,BE,04/04/2024
142263758,2,BE,04/04/2024
142263759,2,BE,04/04/2024
142263760,2,BE,04/04/2024
142263761,2,BE,04/04/2024
142263762,2,BE,04/04/2024
142263763,2,BE,04/04/2024
142263764,2,BE,04/04/2024
142263765,2,BE,04/04/2024
142263766,2,BE,04/04/2024
142263767,2,BE,04/04/2024
142263768,2,BE,04/04/2024
142263769,2,BE,04/04/2024
142263770,2,BE,04/04/2024
142263771,2,BE,04/04/2024
142263772,2,BE,04/04/2024
142263773,2,BE,04/04/2024
142263774,2,BE,04/04/2024
142263775,2,BE,04/04/2024
142263776,2,BE,04/04/2024
142263777,2,BE,04/04/2024
142263778,2,BE,04/04/2024
142263779,2,BE,04/04/2024
142263780,2,BE,04/04/2024
142263781,2,BE,04/04/2024
142263782,2,BE,04/04/2024
142263783,2,BE,04/04/2024
142263784,2,BE,04/04/2024
142263785,2,BE,04/04/2024
142263786,2,BE,04/04/2024
142263787,2,BE,04/04/2024
142263788,2,BE,04/04/2024
142263789,2,BE,04/04/2024
142263790,2,BE,04/04/2024
142263791,2,BE,04/04/2024
142263792,2,BE,04/04/2024
142263793,2,BE,04/04/2024
142263794,2,BE,04/04/2024
142263795,2,BE,04/04/2024
142263796,2,BE,04/04/2024
142263797,2,BE,04/04/2024
142263798,2,BE,04/04/2024
142263799,2,BE,04/04/2024
142263800,2,BE,04/04/2024
142263801,2,BE,04/04/2024
142263802,2,BE,04/04/2024
142263803,2,BE,04/04/2024
142263804,2,BE,04/04/2024
142263805,2,BE,04/04/2024
142263806,2,BE,04/04/2024
142263807,2,BE,04/04/2024
142263808,2,BE,04/04/2024
142263809,2,BE,04/04/2024
142263810,2,BE,04/04/2024
142263811,2,BE,04/04/2024
142263812,2,BE,04/04/2024
142263813,2,BE,04/04/2024
142263814,2,BE,04/04/2024
142263815,2,BE,04/04/2024
142263816,2,BE,04/04/2024
142263817,2,BE,04/04/2024
142263818,2,BE,04/04/2024
142263819,2,BE,04/04/2024
142263820,2,BE,04/04/2024
142263821,2,BE,04/04/2024
142263822,2,BE,04/04/2024
142263823,2,BE,04/04/2024
142263824,2,BE,04/04/2024
142263825,2,BE,04/04/2024
142263826,2,BE,04/04/2024
142263827,2,BE,04/04/2024
142263828,2,BE,04/04/2024
142263829,2,BE,04/04/2024
142263830,2,BE,04/04/2024
142263831,2,BE,04/04/2024
142263832,2,BE,04/04/2024
142263833,2,BE,04/04/2024
142263834,2,BE,04/04/2024
142263835,2,BE,04/04/2024
142263836,2,BE,04/04/2024
142263837,2,BE,04/04/2024
142263838,2,BE,04/04/2024
142263839,2,BE,04/04/2024
142263840,2,BE,04/04/2024
142263841,2,BE,04/04/2024
142263842,2,BE,04/04/2024
142263843,2,BE,04/04/2024
142263844,2,BE,04/04/2024
142263845,2,BE,04/04/2024
142263846,2,BE,04/04/2024
142263847,2,BE,04/04/2024
142263848,2,BE,04/04/2024
142263849,2,BE,04/04/2024
142263850,2,BE,04/04/2024
142263851,2,BE,04/04/2024
142263852,2,BE,04/04/2024
142263853,2,BE,04/04/2024
142263854,2,BE,04/04/2024
142263855,2,BE,04/04/2024
142263856,2,BE,04/04/2024
142263857,2,BE,04/04/2024
142263858,2,BE,04/04/2024
142263859,2,BE,04/04/2024
142263860,2,BE,04/04/2024
142263861,2,BE,04/04/2024
142263862,2,BE,04/04/2024
142263863,2,BE,04/04/2024
142263864,2,BE,04/04/2024
142263865,2,BE,04/04/2024
142263866,2,BE,04/04/2024
142263867,2,BE,04/04/2024
142263868,2,BE,04/04/2024
142263869,2,BE,04/04/2024
142263870,2,BE,04/04/2024
142263871,2,BE,04/04/2024
142263872,2,BE,04/04/2024
142263873,2,BE,04/04/2024
142263874,2,BE,04/04/2024
142263875,2,BE,04/04/2024
142263876,2,BE,04/04/2024
142263877,2,BE,04/04/2024
142263878,2,BE,04/04/2024
142263879,2,BE,04/04/2024
142263880,2,BE,04/04/2024
142263881,2,BE,04/04/2024
142263882,2,BE,04/04/2024
142263883,2,BE,04/04/2024
142263884,2,BE,04/04/2024
142263885,2,BE,04/04/2024
142263886,2,BE,04/04/2024
142263887,2,BE,04/04/2024
142263888,2,BE,04/04/2024
142263889,2,BE,04/04/2024
142263890,2,BE,04/04/2024
142263891,2,BE,04/04/2024
142263892,2,BE,04/04/2024
142263893,2,BE,04/04/2024
142263894,2,BE,04/04/2024
142263895,2,BE,04/04/2024
142263896,2,BE,04/04/2024
142263897,2,BE,04/04/2024
142263898,2,BE,04/04/2024
142263899,2,BE,04/04/2024
142263900,2,BE,04/04/2024
142267301,2,BE,04/04/2024
142267302,2,BE,04/04/2024
142267303,2,BE,04/04/2024
142267304,2,BE,04/04/2024
142267305,2,BE,04/04/2024
142267306,2,BE,04/04/2024
142267307,2,BE,04/04/2024
142267308,2,BE,04/04/2024
142267309,2,BE,04/04/2024
142267310,2,BE,04/04/2024
142267311,2,BE,04/04/2024
142267312,2,BE,04/04/2024
142267313,2,BE,04/04/2024
142267314,2,BE,04/04/2024
142267315,2,BE,04/04/2024
142267316,2,BE,04/04/2024
142267317,2,BE,04/04/2024
142267318,2,BE,04/04/2024
142267319,2,BE,04/04/2024
142267320,2,BE,04/04/2024
142267321,2,BE,04/04/2024
142267322,2,BE,04/04/2024
142267323,2,BE,04/04/2024
142267324,2,BE,04/04/2024
142267325,2,BE,04/04/2024
142267326,2,BE,04/04/2024
142267327,2,BE,04/04/2024
142267328,2,BE,04/04/2024
142267329,2,BE,04/04/2024
142267330,2,BE,04/04/2024
142267331,2,BE,04/04/2024
142267332,2,BE,04/04/2024
142267333,2,BE,04/04/2024
142267334,2,BE,04/04/2024
142267335,2,BE,04/04/2024
142267336,2,BE,04/04/2024
142267337,2,BE,04/04/2024
142267338,2,BE,04/04/2024
142267339,2,BE,04/04/2024
142267340,2,BE,04/04/2024
142267341,2,BE,04/04/2024
142267342,2,BE,04/04/2024
142267343,2,BE,04/04/2024
142267344,2,BE,04/04/2024
142267345,2,BE,04/04/2024
142267346,2,BE,04/04/2024
142267347,2,BE,04/04/2024
142267348,2,BE,04/04/2024
142267349,2,BE,04/04/2024
142267350,2,BE,04/04/2024
142267351,2,BE,04/04/2024
142267352,2,BE,04/04/2024
142267353,2,BE,04/04/2024
142267354,2,BE,04/04/2024
142267355,2,BE,04/04/2024
142267356,2,BE,04/04/2024
142267357,2,BE,04/04/2024
142267358,2,BE,04/04/2024
142267359,2,BE,04/04/2024
142267360,2,BE,04/04/2024
142267361,2,BE,04/04/2024
142267362,2,BE,04/04/2024
142267363,2,BE,04/04/2024
142267364,2,BE,04/04/2024
142267365,2,BE,04/04/2024
142267366,2,BE,04/04/2024
142267367,2,BE,04/04/2024
142267368,2,BE,04/04/2024
142267369,2,BE,04/04/2024
142267370,2,BE,04/04/2024
142267371,2,BE,04/04/2024
142267372,2,BE,04/04/2024
142267373,2,BE,04/04/2024
142267374,2,BE,04/04/2024
142267375,2,BE,04/04/2024
142267376,2,BE,04/04/2024
142267377,2,BE,04/04/2024
142267378,2,BE,04/04/2024
142267379,2,BE,04/04/2024
142267380,2,BE,04/04/2024
142267381,2,BE,04/04/2024
142267382,2,BE,04/04/2024
142267383,2,BE,04/04/2024
142267384,2,BE,04/04/2024
142267385,2,BE,04/04/2024
142267386,2,BE,04/04/2024
142267387,2,BE,04/04/2024
142267388,2,BE,04/04/2024
142267389,2,BE,04/04/2024
142267390,2,BE,04/04/2024
142267391,2,BE,04/04/2024
142267392,2,BE,04/04/2024
142267393,2,BE,04/04/2024
142267394,2,BE,04/04/2024
142267395,2,BE,04/04/2024
142267396,2,BE,04/04/2024
142267397,2,BE,04/04/2024
142267398,2,BE,04/04/2024
142267399,2,BE,04/04/2024
142267400,2,BE,04/04/2024
160132816,1,BE,10/11/2017
160132817,1,BE,10/11/2017
160132818,1,BE,10/11/2017
160132819,1,BE,10/11/2017
160132820,1,BE,10/11/2017
160132821,1,BE,10/11/2017
160132822,1,BE,10/11/2017
160132823,1,BE,10/11/2017
160132824,1,BE,10/11/2017
160132825,1,BE,10/11/2017
160132826,1,BE,10/11/2017
160132827,1,BE,10/11/2017
160132828,1,BE,10/11/2017
160132829,1,BE,10/11/2017
160132830,1,BE,10/11/2017
160132831,1,BE,10/11/2017
160132832,1,BE,10/11/2017
160132833,1,BE,10/11/2017
160132834,1,BE,10/11/2017
160132835,1,BE,10/11/2017
160132836,1,BE,10/11/2017
160132837,1,BE,10/11/2017
160132838,1,BE,10/11/2017
160132839,1,BE,10/11/2017
160132840,1,BE,10/11/2017
160132841,1,BE,10/11/2017
160132842,1,BE,10/11/2017
160132843,1,BE,10/11/2017
160132844,1,BE,10/11/2017
160132845,1,BE,10/11/2017
160132846,1,BE,10/11/2017
160132847,1,BE,10/11/2017
160132848,1,BE,10/11/2017
160132849,1,BE,10/11/2017
160132850,1,BE,10/11/2017
160132851,1,BE,10/11/2017
160132852,1,BE,10/11/2017
160132853,1,BE,10/11/2017
160132854,1,BE,10/11/2017
160132855,1,BE,10/11/2017
160132856,1,BE,10/11/2017
160132857,1,BE,10/11/2017
160132858,1,BE,10/11/2017
160132859,1,BE,10/11/2017
160132860,1,BE,10/11/2017
160132861,1,BE,10/11/2017
160132862,1,BE,10/11/2017
160132863,1,BE,10/11/2017
160132864,1,BE,10/11/2017
160132865,1,BE,10/11/2017
160132866,1,BE,10/11/2017
160132867,1,BE,10/11/2017
160132868,1,BE,10/11/2017
160132869,1,BE,10/11/2017
160132870,1,BE,10/11/2017
160132871,1,BE,10/11/2017
160132872,1,BE,10/11/2017
160132873,1,BE,10/11/2017
160132874,1,BE,10/11/2017
160132875,1,BE,10/11/2017
160132876,1,BE,10/11/2017
160132877,1,BE,10/11/2017
160132878,1,BE,10/11/2017
160132879,1,BE,10/11/2017
160132880,1,BE,10/11/2017
160132881,1,BE,10/11/2017
160132882,1,BE,10/11/2017
160132883,1,BE,10/11/2017
160132884,1,BE,10/11/2017
160132885,1,BE,10/11/2017
160132886,1,BE,10/11/2017
160132887,1,BE,10/11/2017
160132888,1,BE,10/11/2017
160132889,1,BE,10/11/2017
160132890,1,BE,10/11/2017
160132891,1,BE,10/11/2017
160132892,1,BE,10/11/2017
160132893,1,BE,10/11/2017
160132894,1,BE,10/11/2017
160132895,1,BE,10/11/2017
160132896,1,BE,10/11/2017
160132897,1,BE,10/11/2017
160132898,1,BE,10/11/2017
160132899,1,BE,10/11/2017
160132900,1,BE,10/11/2017
160132901,1,BE,10/11/2017
160132902,1,BE,10/11/2017
160132903,1,BE,10/11/2017
160132904,1,BE,10/11/2017
160132905,1,BE,10/11/2017
160132906,1,BE,10/11/2017
160132907,1,BE,10/11/2017
160132908,1,BE,10/11/2017
160132909,1,BE,10/11/2017
160132910,1,BE,10/11/2017
160132911,1,BE,10/11/2017
160132912,1,BE,10/11/2017
160132913,1,BE,10/11/2017
160132914,1,BE,10/11/2017
160132915,1,BE,10/11/2017
160132916,1,BE,10/11/2017
160132917,1,BE,10/11/2017
160132918,1,BE,10/11/2017
160173401,1,BE,10/04/2017
160173402,1,BE,10/04/2017
160173403,1,BE,10/04/2017
160173404,1,BE,10/04/2017
160173405,1,BE,10/04/2017
160173406,1,BE,10/04/2017
160173407,1,BE,10/04/2017
160173408,1,BE,10/04/2017
160173409,1,BE,10/04/2017
160173410,1,BE,10/04/2017
160173411,1,BE,10/04/2017
160173412,1,BE,10/04/2017
160173413,1,BE,10/04/2017
160173414,1,BE,10/04/2017
160173415,1,BE,10/04/2017
160173416,1,BE,10/04/2017
160173417,1,BE,10/04/2017
160173418,1,BE,10/04/2017
160173419,1,BE,10/04/2017
160173420,1,BE,10/04/2017
160173421,1,BE,10/04/2017
160173422,1,BE,10/04/2017
160173423,1,BE,10/04/2017
160173424,1,BE,10/04/2017
160173425,1,BE,10/04/2017
160173426,1,BE,10/04/2017
160173427,1,BE,10/04/2017
160173428,1,BE,10/04/2017
160173429,1,BE,10/04/2017
160173430,1,BE,10/04/2017
160173431,1,BE,10/04/2017
160173432,1,BE,10/04/2017
160173433,1,BE,10/04/2017
160173434,1,BE,10/04/2017
160173435,1,BE,10/04/2017
160173436,1,BE,10/04/2017
160173437,1,BE,10/04/2017
160173438,1,BE,10/04/2017
160173439,1,BE,10/04/2017
160173440,1,BE,10/04/2017
160173441,1,BE,10/04/2017
160173442,1,BE,10/04/2017
160173443,1,BE,10/04/2017
160173444,1,BE,10/04/2017
160173445,1,BE,10/04/2017
160173446,1,BE,10/04/2017
160173447,1,BE,10/04/2017
160173448,1,BE,10/04/2017
160173449,1,BE,10/04/2017
160173450,1,BE,10/04/2017
160173451,1,BE,10/04/2017
160173452,1,BE,10/04/2017
160173453,1,BE,10/04/2017
160173454,1,BE,10/04/2017
160173455,1,BE,10/04/2017
160173456,1,BE,10/04/2017
160173457,1,BE,10/04/2017
160173458,1,BE,10/04/2017
160173459,1,BE,10/04/2017
160173460,1,BE,10/04/2017
160173461,1,BE,10/04/2017
160173462,1,BE,10/04/2017
160173463,1,BE,10/04/2017
160173464,1,BE,10/04/2017
160173465,1,BE,10/04/2017
160173466,1,BE,10/04/2017
160173467,1,BE,10/04/2017
160173468,1,BE,10/04/2017
160173469,1,BE,10/04/2017
160173470,1,BE,10/04/2017
160173471,1,BE,10/04/2017
160173472,1,BE,10/04/2017
160173473,1,BE,10/04/2017
160173474,1,BE,10/04/2017
160173475,1,BE,10/04/2017
160173476,1,BE,10/04/2017
160173477,1,BE,10/04/2017
160173478,1,BE,10/04/2017
160173479,1,BE,10/04/2017
160173480,1,BE,10/04/2017
160173481,1,BE,10/04/2017
160173482,1,BE,10/04/2017
160173483,1,BE,10/04/2017
160173484,1,BE,10/04/2017
160173485,1,BE,10/04/2017
160173486,1,BE,10/04/2017
160173487,1,BE,10/04/2017
160173488,1,BE,10/04/2017
160173489,1,BE,10/04/2017
160173490,1,BE,10/04/2017
160173491,1,BE,10/04/2017
160173492,1,BE,10/04/2017
160173493,1,BE,10/04/2017
160173494,1,BE,10/04/2017
160173495,1,BE,10/04/2017
160173496,1,BE,10/04/2017
160173497,1,BE,10/04/2017
160173498,1,BE,10/04/2017
160173499,1,BE,10/04/2017
160173500,1,BE,10/04/2017
160173501,1,BE,10/04/2017
160173502,1,BE,10/04/2017
160173503,1,BE,10/04/2017
160173504,1,BE,10/04/2017
160173505,1,BE,10/04/2017
160173506,1,BE,10/04/2017
160173507,1,BE,10/04/2017
160173508,1,BE,10/04/2017
160173509,1,BE,10/04/2017
160173510,1,BE,10/04/2017
160173511,1,BE,10/04/2017
160173512,1,BE,10/04/2017
160173513,1,BE,10/04/2017
160173514,1,BE,10/04/2017
160173515,1,BE,10/04/2017
160173516,1,BE,10/04/2017
160173517,1,BE,10/04/2017
160173518,1,BE,10/04/2017
160173519,1,BE,10/04/2017
160173520,1,BE,10/04/2017
160173521,1,BE,10/04/2017
160173522,1,BE,10/04/2017
160173523,1,BE,10/04/2017
160173524,1,BE,10/04/2017
160173525,1,BE,10/04/2017
160173526,1,BE,10/04/2017
160173527,1,BE,10/04/2017
160173528,1,BE,10/04/2017
160173529,1,BE,10/04/2017
160173530,1,BE,10/04/2017
160173531,1,BE,10/04/2017
160173532,1,BE,10/04/2017
160173533,1,BE,10/04/2017
160173534,1,BE,10/04/2017
160173535,1,BE,10/04/2017
160173536,1,BE,10/04/2017
160173537,1,BE,10/04/2017
160173538,1,BE,10/04/2017
160173539,1,BE,10/04/2017
160173540,1,BE,10/04/2017
160173541,1,BE,10/04/2017
160173542,1,BE,10/04/2017
160173543,1,BE,10/04/2017
160173544,1,BE,10/04/2017
160173545,1,BE,10/04/2017
160173546,1,BE,10/04/2017
160173547,1,BE,10/04/2017
160173548,1,BE,10/04/2017
160173549,1,BE,10/04/2017
160173550,1,BE,10/04/2017
160173551,1,BE,10/04/2017
160173552,1,BE,10/04/2017
160173553,1,BE,10/04/2017
160173554,1,BE,10/04/2017
160173555,1,BE,10/04/2017
160173556,1,BE,10/04/2017
160173557,1,BE,10/04/2017
160173558,1,BE,10/04/2017
160173559,1,BE,10/04/2017
160173560,1,BE,10/04/2017
160173561,1,BE,10/04/2017
160173562,1,BE,10/04/2017
160173563,1,BE,10/04/2017
160173564,1,BE,10/04/2017
160173565,1,BE,10/04/2017
160173566,1,BE,10/04/2017
160173567,1,BE,10/04/2017
160173568,1,BE,10/04/2017
160173569,1,BE,10/04/2017
160173570,1,BE,10/04/2017
160173571,1,BE,10/04/2017
160173572,1,BE,10/04/2017
160173573,1,BE,10/04/2017
160173574,1,BE,10/04/2017
160173575,1,BE,10/04/2017
160173576,1,BE,10/04/2017
160173577,1,BE,10/04/2017
160173578,1,BE,10/04/2017
160173579,1,BE,10/04/2017
160173580,1,BE,10/04/2017
160173581,1,BE,10/04/2017
160173582,1,BE,10/04/2017
160173583,1,BE,10/04/2017
160173584,1,BE,10/04/2017
160173585,1,BE,10/04/2017
160173586,1,BE,10/04/2017
160173587,1,BE,10/04/2017
160173588,1,BE,10/04/2017
160173589,1,BE,10/04/2017
160173590,1,BE,10/04/2017
160173591,1,BE,10/04/2017
160173592,1,BE,10/04/2017
160173593,1,BE,10/04/2017
160173594,1,BE,10/04/2017
160173595,1,BE,10/04/2017
160173596,1,BE,10/04/2017
160173597,1,BE,10/04/2017
160173598,1,BE,10/04/2017
160173599,1,BE,10/04/2017
160173600,1,BE,10/04/2017
160173601,1,BE,10/04/2017
160173602,1,BE,10/04/2017
160173603,1,BE,10/04/2017
160173604,1,BE,10/04/2017
160173605,1,BE,10/04/2017
160173606,1,BE,10/04/2017
160173607,1,BE,10/04/2017
160173608,1,BE,10/04/2017
160173609,1,BE,10/04/2017
160173610,1,BE,10/04/2017
160173611,1,BE,10/04/2017
160173612,1,BE,10/04/2017
160173613,1,BE,10/04/2017
160173614,1,BE,10/04/2017
160173615,1,BE,10/04/2017
160173616,1,BE,10/04/2017
160173617,1,BE,10/04/2017
160173618,1,BE,10/04/2017
160173619,1,BE,10/04/2017
160173620,1,BE,10/04/2017
160173621,1,BE,10/04/2017
160173622,1,BE,10/04/2017
160173623,1,BE,10/04/2017
160173624,1,BE,10/04/2017
160173625,1,BE,10/04/2017
160173626,1,BE,10/04/2017
160173627,1,BE,10/04/2017
160173628,1,BE,10/04/2017
160173629,1,BE,10/04/2017
160173630,1,BE,10/04/2017
160173631,1,BE,10/04/2017
160173632,1,BE,10/04/2017
160173633,1,BE,10/04/2017
160173634,1,BE,10/04/2017
160173635,1,BE,10/04/2017
160173636,1,BE,10/04/2017
160173637,1,BE,10/04/2017
160173638,1,BE,10/04/2017
160173639,1,BE,10/04/2017
160173640,1,BE,10/04/2017
160173641,1,BE,10/04/2017
160173642,1,BE,10/04/2017
160173643,1,BE,10/04/2017
160173644,1,BE,10/04/2017
160173645,1,BE,10/04/2017
160173646,1,BE,10/04/2017
160173647,1,BE,10/04/2017
160173648,1,BE,10/04/2017
160173649,1,BE,10/04/2017
160173650,1,BE,10/04/2017
160173651,1,BE,10/04/2017
160173652,1,BE,10/04/2017
160173653,1,BE,10/04/2017
160173654,1,BE,10/04/2017
160173655,1,BE,10/04/2017
160173656,1,BE,10/04/2017
160173657,1,BE,10/04/2017
160173658,1,BE,10/04/2017
160173659,1,BE,10/04/2017
160173660,1,BE,10/04/2017
160173661,1,BE,10/04/2017
160173662,1,BE,10/04/2017
160173663,1,BE,10/04/2017
160173664,1,BE,10/04/2017
160173665,1,BE,10/04/2017
160173666,1,BE,10/04/2017
160173667,1,BE,10/04/2017
160173668,1,BE,10/04/2017
160173669,1,BE,10/04/2017
160173670,1,BE,10/04/2017
160173671,1,BE,10/04/2017
160173672,1,BE,10/04/2017
160173673,1,BE,10/04/2017
160173674,1,BE,10/04/2017
160173675,1,BE,10/04/2017
160173676,1,BE,10/04/2017
160173677,1,BE,10/04/2017
160173678,1,BE,10/04/2017
160173679,1,BE,10/04/2017
160173680,1,BE,10/04/2017
160173681,1,BE,10/04/2017
160173682,1,BE,10/04/2017
160173683,1,BE,10/04/2017
160173684,1,BE,10/04/2017
160173685,1,BE,10/04/2017
160173686,1,BE,10/04/2017
160173687,1,BE,10/04/2017
160173688,1,BE,10/04/2017
160173689,1,BE,10/04/2017
160173690,1,BE,10/04/2017
160173691,1,BE,10/04/2017
160173692,1,BE,10/04/2017
160173693,1,BE,10/04/2017
160173694,1,BE,10/04/2017
160173695,1,BE,10/04/2017
160173696,1,BE,10/04/2017
160173697,1,BE,10/04/2017
160173698,1,BE,10/04/2017
160173699,1,BE,10/04/2017
160173700,1,BE,10/04/2017
160173701,1,BE,10/04/2017
160173702,1,BE,10/04/2017
160173703,1,BE,10/04/2017
160173704,1,BE,10/04/2017
160173705,1,BE,10/04/2017
160173706,1,BE,10/04/2017
160173707,1,BE,10/04/2017
160173708,1,BE,10/04/2017
160173709,1,BE,10/04/2017
160173710,1,BE,10/04/2017
160173711,1,BE,10/04/2017
160173712,1,BE,10/04/2017
160173713,1,BE,10/04/2017
160173714,1,BE,10/04/2017
160173715,1,BE,10/04/2017
160173716,1,BE,10/04/2017
160173717,1,BE,10/04/2017
160173718,1,BE,10/04/2017
160173719,1,BE,10/04/2017
160173720,1,BE,10/04/2017
160173721,1,BE,10/04/2017
160173722,1,BE,10/04/2017
160173723,1,BE,10/04/2017
160173724,1,BE,10/04/2017
160173725,1,BE,10/04/2017
160173726,1,BE,10/04/2017
160173727,1,BE,10/04/2017
160173728,1,BE,10/04/2017
160173729,1,BE,10/04/2017
160173730,1,BE,10/04/2017
160173731,1,BE,10/04/2017
160173732,1,BE,10/04/2017
160173733,1,BE,10/04/2017
160173734,1,BE,10/04/2017
160173735,1,BE,10/04/2017
160173736,1,BE,10/04/2017
160173737,1,BE,10/04/2017
160173738,1,BE,10/04/2017
160173739,1,BE,10/04/2017
160173740,1,BE,10/04/2017
160173741,1,BE,10/04/2017
160173742,1,BE,10/04/2017
160173743,1,BE,10/04/2017
160173744,1,BE,10/04/2017
160173745,1,BE,10/04/2017
160173746,1,BE,10/04/2017
160173747,1,BE,10/04/2017
160173748,1,BE,10/04/2017
160173749,1,BE,10/04/2017
160173750,1,BE,10/04/2017
160173751,1,BE,10/04/2017
160173752,1,BE,10/04/2017
160173753,1,BE,10/04/2017
160173754,1,BE,10/04/2017
160173755,1,BE,10/04/2017
160173756,1,BE,10/04/2017
160173757,1,BE,10/04/2017
160173758,1,BE,10/04/2017
160173759,1,BE,10/04/2017
160173760,1,BE,10/04/2017
160173761,1,BE,10/04/2017
160173762,1,BE,10/04/2017
160173763,1,BE,10/04/2017
160173764,1,BE,10/04/2017
160173765,1,BE,10/04/2017
160173766,1,BE,10/04/2017
160173767,1,BE,10/04/2017
160173768,1,BE,10/04/2017
160173769,1,BE,10/04/2017
160173770,1,BE,10/04/2017
160173771,1,BE,10/04/2017
160173772,1,BE,10/04/2017
160173773,1,BE,10/04/2017
160173774,1,BE,10/04/2017
160173775,1,BE,10/04/2017
160173776,1,BE,10/04/2017
160173777,1,BE,10/04/2017
160173778,1,BE,10/04/2017
160173779,1,BE,10/04/2017
160173780,1,BE,10/04/2017
160173781,1,BE,10/04/2017
160173782,1,BE,10/04/2017
160173783,1,BE,10/04/2017
160173784,1,BE,10/04/2017
160173785,1,BE,10/04/2017
160173786,1,BE,10/04/2017
160173787,1,BE,10/04/2017
160173788,1,BE,10/04/2017
160173789,1,BE,10/04/2017
160173790,1,BE,10/04/2017
160173791,1,BE,10/04/2017
160173792,1,BE,10/04/2017
160173793,1,BE,10/04/2017
160173794,1,BE,10/04/2017
160173795,1,BE,10/04/2017
160173796,1,BE,10/04/2017
160173797,1,BE,10/04/2017
160173798,1,BE,10/04/2017
160173799,1,BE,10/04/2017
160173800,1,BE,10/04/2017
160173801,1,BE,10/04/2017
160173802,1,BE,10/04/2017
160173803,1,BE,10/04/2017
160173804,1,BE,10/04/2017
160173805,1,BE,10/04/2017
160173806,1,BE,10/04/2017
160173807,1,BE,10/04/2017
160173808,1,BE,10/04/2017
160173809,1,BE,10/04/2017
160173810,1,BE,10/04/2017
160173811,1,BE,10/04/2017
160173812,1,BE,10/04/2017
160173813,1,BE,10/04/2017
160173814,1,BE,10/04/2017
160173815,1,BE,10/04/2017
160173816,1,BE,10/04/2017
160173817,1,BE,10/04/2017
160173818,1,BE,10/04/2017
160173819,1,BE,10/04/2017
160173820,1,BE,10/04/2017
160173821,1,BE,10/04/2017
160173822,1,BE,10/04/2017
160173823,1,BE,10/04/2017
160173824,1,BE,10/04/2017
160173825,1,BE,10/04/2017
160173826,1,BE,10/04/2017
160173827,1,BE,10/04/2017
160173828,1,BE,10/04/2017
160173829,1,BE,10/04/2017
160173830,1,BE,10/04/2017
160173831,1,BE,10/04/2017
160173832,1,BE,10/04/2017
160173833,1,BE,10/04/2017
160173834,1,BE,10/04/2017
160173835,1,BE,10/04/2017
160173836,1,BE,10/04/2017
160173837,1,BE,10/04/2017
160173838,1,BE,10/04/2017
160173839,1,BE,10/04/2017
160173840,1,BE,10/04/2017
160173841,1,BE,10/04/2017
160173842,1,BE,10/04/2017
160173843,1,BE,10/04/2017
160173844,1,BE,10/04/2017
160173845,1,BE,10/04/2017
160173846,1,BE,10/04/2017
160173847,1,BE,10/04/2017
160173848,1,BE,10/04/2017
160173849,1,BE,10/04/2017
160173850,1,BE,10/04/2017
160173851,1,BE,10/04/2017
160173852,1,BE,10/04/2017
160173853,1,BE,10/04/2017
160173854,1,BE,10/04/2017
160173855,1,BE,10/04/2017
160173856,1,BE,10/04/2017
160173857,1,BE,10/04/2017
160173858,1,BE,10/04/2017
160173859,1,BE,10/04/2017
160173860,1,BE,10/04/2017
160173861,1,BE,10/04/2017
160173862,1,BE,10/04/2017
160173863,1,BE,10/04/2017
160173864,1,BE,10/04/2017
160173865,1,BE,10/04/2017
160173866,1,BE,10/04/2017
160173867,1,BE,10/04/2017
160173868,1,BE,10/04/2017
160173869,1,BE,10/04/2017
160173870,1,BE,10/04/2017
160173871,1,BE,10/04/2017
160173872,1,BE,10/04/2017
160173873,1,BE,10/04/2017
160173874,1,BE,10/04/2017
160173875,1,BE,10/04/2017
160173876,1,BE,10/04/2017
160173877,1,BE,10/04/2017
160173878,1,BE,10/04/2017
160173879,1,BE,10/04/2017
160173880,1,BE,10/04/2017
160173881,1,BE,10/04/2017
160173882,1,BE,10/04/2017
160173883,1,BE,10/04/2017
160173884,1,BE,10/04/2017
160173885,1,BE,10/04/2017
160173886,1,BE,10/04/2017
160173887,1,BE,10/04/2017
160173888,1,BE,10/04/2017
160173889,1,BE,10/04/2017
160173890,1,BE,10/04/2017
160173891,1,BE,10/04/2017
160173892,1,BE,10/04/2017
160173893,1,BE,10/04/2017
160173894,1,BE,10/04/2017
160173895,1,BE,10/04/2017
160173896,1,BE,10/04/2017
160173897,1,BE,10/04/2017
160173898,1,BE,10/04/2017
160173899,1,BE,10/04/2017
160173900,1,BE,10/04/2017
160173901,1,BE,10/04/2017
160173902,1,BE,10/04/2017
160173903,1,BE,10/04/2017
160173904,1,BE,10/04/2017
160173905,1,BE,10/04/2017
160173906,1,BE,10/04/2017
160173907,1,BE,10/04/2017
160173908,1,BE,10/04/2017
160173909,1,BE,10/04/2017
160173910,1,BE,10/04/2017
160173911,1,BE,10/04/2017
160173912,1,BE,10/04/2017
160173913,1,BE,10/04/2017
160173914,1,BE,10/04/2017
160173915,1,BE,10/04/2017
160173916,1,BE,10/04/2017
160173917,1,BE,10/04/2017
160173918,1,BE,10/04/2017
160173919,1,BE,10/04/2017
160173920,1,BE,10/04/2017
160173921,1,BE,10/04/2017
160173922,1,BE,10/04/2017
160173923,1,BE,10/04/2017
160173924,1,BE,10/04/2017
160173925,1,BE,10/04/2017
160173926,1,BE,10/04/2017
160173927,1,BE,10/04/2017
160173928,1,BE,10/04/2017
160173929,1,BE,10/04/2017
160173930,1,BE,10/04/2017
160173931,1,BE,10/04/2017
160173932,1,BE,10/04/2017
160173933,1,BE,10/04/2017
160173934,1,BE,10/04/2017
160173935,1,BE,10/04/2017
160173936,1,BE,10/04/2017
160173937,1,BE,10/04/2017
160173938,1,BE,10/04/2017
160173939,1,BE,10/04/2017
160173940,1,BE,10/04/2017
160173941,1,BE,10/04/2017
160173942,1,BE,10/04/2017
160173943,1,BE,10/04/2017
160173944,1,BE,10/04/2017
160173945,1,BE,10/04/2017
160173946,1,BE,10/04/2017
160173947,1,BE,10/04/2017
160173948,1,BE,10/04/2017
160173949,1,BE,10/04/2017
160173950,1,BE,10/04/2017
160173951,1,BE,10/04/2017
160173952,1,BE,10/04/2017
160173953,1,BE,10/04/2017
160173954,1,BE,10/04/2017
160173955,1,BE,10/04/2017
160173956,1,BE,10/04/2017
160173957,1,BE,10/04/2017
160173958,1,BE,10/04/2017
160173959,1,BE,10/04/2017
160173960,1,BE,10/04/2017
160173961,1,BE,10/04/2017
160173962,1,BE,10/04/2017
160173963,1,BE,10/04/2017
160173964,1,BE,10/04/2017
160173965,1,BE,10/04/2017
160173966,1,BE,10/04/2017
160173967,1,BE,10/04/2017
160173968,1,BE,10/04/2017
160173969,1,BE,10/04/2017
160173970,1,BE,10/04/2017
160173971,1,BE,10/04/2017
160173972,1,BE,10/04/2017
160173973,1,BE,10/04/2017
160173974,1,BE,10/04/2017
160173975,1,BE,10/04/2017
160173976,1,BE,10/04/2017
160173977,1,BE,10/04/2017
160173978,1,BE,10/04/2017
160173979,1,BE,10/04/2017
160173980,1,BE,10/04/2017
160173981,1,BE,10/04/2017
160173982,1,BE,10/04/2017
160173983,1,BE,10/04/2017
160173984,1,BE,10/04/2017
160173985,1,BE,10/04/2017
160173986,1,BE,10/04/2017
160173987,1,BE,10/04/2017
160173988,1,BE,10/04/2017
160173989,1,BE,10/04/2017
160173990,1,BE,10/04/2017
160173991,1,BE,10/04/2017
160173992,1,BE,10/04/2017
160173993,1,BE,10/04/2017
160173994,1,BE,10/04/2017
160173995,1,BE,10/04/2017
160173996,1,BE,10/04/2017
160173997,1,BE,10/04/2017
160173998,1,BE,10/04/2017
160173999,1,BE,10/04/2017
160174000,1,BE,10/04/2017
171348916,3,BE,07/23/2020
171348917,3,BE,07/23/2020
171348918,3,BE,07/23/2020
171348919,3,BE,07/23/2020
171348920,3,BE,07/07/2020
171348923,3,BE,07/07/2020
171348924,3,BE,07/07/2020
171348925,3,BE,07/07/2020
171348926,3,BE,07/07/2020
171348927,3,BE,07/07/2020
171348928,3,BE,07/07/2020
171348929,3,BE,07/07/2020
171348930,3,BE,07/07/2020
171348931,3,BE,07/07/2020
171348932,3,BE,07/07/2020
171348933,3,BE,07/07/2020
171348934,3,BE,07/07/2020
171348935,3,BE,07/07/2020
171348936,3,BE,07/07/2020
171348937,3,BE,07/07/2020
171348938,3,BE,08/16/2011
171348939,3,BE,08/16/2011
171348940,3,BE,08/16/2011
171348941,3,BE,08/16/2011
171348942,3,BE,08/16/2011
171348943,3,BE,08/16/2011
171348944,3,BE,08/16/2011
171348945,3,BE,08/16/2011
171348946,3,BE,08/16/2011
171348947,3,BE,08/16/2011
171348948,3,BE,08/16/2011
171348949,3,BE,08/16/2011
171348950,3,BE,07/07/2020
171348951,3,BE,07/07/2020
171348952,3,BE,07/07/2020
171348953,3,BE,07/07/2020
171348954,3,BE,07/07/2020
171348955,3,BE,07/07/2020
171348956,3,BE,07/07/2020
171348957,3,BE,07/07/2020
171348958,3,BE,07/07/2020
171348959,3,BE,07/07/2020
171348960,3,BE,07/07/2020
171348961,3,BE,07/07/2020
171348962,3,BE,07/07/2020
171348963,3,BE,07/07/2020
171348964,3,BE,07/07/2020
171348965,3,BE,07/07/2020
171348966,3,BE,07/07/2020
171348967,3,BE,07/07/2020
171348968,3,BE,07/07/2020
171348969,3,BE,07/07/2020
171348970,3,BE,07/07/2020
171348971,3,BE,07/07/2020
171348972,3,BE,07/07/2020
171348973,3,BE,07/07/2020
171348974,3,BE,07/07/2020
171348975,3,BE,07/07/2020
171348976,3,BE,07/07/2020
171348977,3,BE,07/07/2020
171348978,3,BE,07/07/2020
171348979,3,BE,07/07/2020
171348980,3,BE,07/07/2020
171348981,3,BE,07/07/2020
171348982,3,BE,07/07/2020
171348983,3,BE,07/07/2020
171348984,3,BE,07/07/2020
171348985,3,BE,07/07/2020
171348986,3,BE,07/07/2020
171348987,3,BE,07/07/2020
171348988,3,BE,07/07/2020
171348989,3,BE,07/07/2020
171348990,3,BE,07/07/2020
171348991,3,BE,07/07/2020
171348992,3,BE,07/07/2020
171348993,3,BE,07/07/2020
171348994,3,BE,07/07/2020
171348995,3,BE,07/07/2020
171348996,3,BE,07/07/2020
171348997,3,BE,08/16/2011
171348998,3,BE,07/07/2020
171348999,3,BE,08/16/2011
187350101,3,BE,04/19/2022
187350102,3,BE,04/19/2022
187350103,3,BE,04/19/2022
187350104,3,BE,04/19/2022
187350105,3,BE,04/19/2022
187350106,3,BE,04/19/2022
187350107,3,BE,04/19/2022
187350108,3,BE,04/19/2022
187350109,3,BE,04/19/2022
187350110,3,BE,04/19/2022
187350111,3,BE,04/19/2022
187350112,3,BE,04/19/2022
187350113,3,BE,04/19/2022
187350114,3,BE,04/19/2022
187350115,3,BE,04/19/2022
187350126,3,BE,04/19/2022
187350127,3,BE,04/19/2022
187350128,3,BE,04/19/2022
187350129,3,BE,04/19/2022
187350130,3,BE,04/19/2022
187350131,3,BE,04/19/2022
187350132,3,BE,04/19/2022
187350133,3,BE,04/19/2022
187350134,3,BE,04/19/2022
187350135,3,BE,04/19/2022
187350136,3,BE,04/19/2022
187350137,3,BE,04/19/2022
187350138,3,BE,04/19/2022
187350139,3,BE,04/19/2022
187350140,3,BE,04/19/2022
187350141,3,BE,04/19/2022
187350142,3,BE,04/19/2022
187350143,3,BE,04/19/2022
187350144,3,BE,04/19/2022
187350145,3,BE,04/19/2022
187350146,3,BE,04/19/2022
187350147,3,BE,04/19/2022
187350148,3,BE,04/19/2022
187350149,3,BE,04/19/2022
187350150,3,BE,04/19/2022
187350151,3,BE,04/19/2022
187350152,3,BE,04/19/2022
187350153,3,BE,04/19/2022
187350154,3,BE,04/19/2022
187350155,3,BE,04/19/2022
187350156,3,BE,04/19/2022
187350157,3,BE,04/19/2022
187350158,3,BE,04/19/2022
187350159,3,BE,04/19/2022
187350160,3,BE,04/19/2022
187350161,3,BE,04/19/2022
187350162,3,BE,04/19/2022
187350163,3,BE,04/19/2022
187350164,3,BE,04/19/2022
187350165,3,BE,04/19/2022
187350166,3,BE,04/19/2022
187350167,3,BE,04/19/2022
187350168,3,BE,04/19/2022
187350169,3,BE,04/19/2022
187350170,3,BE,04/19/2022
187350171,3,BE,04/19/2022
187350172,3,BE,04/19/2022
187350173,3,BE,04/19/2022
187350174,3,BE,04/19/2022
187350175,3,BE,04/19/2022
187350176,3,BE,04/19/2022
187350177,3,BE,04/19/2022
187350178,3,BE,04/19/2022
187350179,3,BE,04/19/2022
187350180,3,BE,04/19/2022
187350181,3,BE,04/19/2022
187350182,3,BE,04/19/2022
187350183,3,BE,04/19/2022
187350184,3,BE,04/19/2022
187350185,3,BE,04/19/2022
187350186,3,BE,04/19/2022
187350187,3,BE,04/19/2022
187350188,3,BE,04/19/2022
187350189,3,BE,04/19/2022
187350190,3,BE,04/19/2022
187350191,3,BE,04/19/2022
187350192,3,BE,04/19/2022
187350193,3,BE,04/19/2022
187350194,3,BE,04/19/2022
187350195,3,BE,04/19/2022
187350196,3,BE,04/19/2022
187350197,3,BE,04/19/2022
187350198,3,BE,04/19/2022
187350199,3,BE,04/19/2022
187350200,3,BE,04/19/2022
187350201,3,BE,04/19/2022
187350202,3,BE,04/19/2022
187350203,3,BE,04/19/2022
187350204,3,BE,04/19/2022
187350205,3,BE,04/19/2022
187350206,3,BE,04/19/2022
187350207,3,BE,04/19/2022
187350208,3,BE,04/19/2022
187350209,3,BE,04/19/2022
187350210,3,BE,04/19/2022
187350211,3,BE,04/19/2022
187350212,3,BE,04/19/2022
187350213,3,BE,04/19/2022
187350214,3,BE,04/19/2022
187350215,3,BE,04/19/2022
187350216,3,BE,04/19/2022
187350217,3,BE,04/19/2022
187350218,3,BE,04/19/2022
187350219,3,BE,04/19/2022
187350220,3,BE,04/19/2022
187350221,3,BE,04/19/2022
187350222,3,BE,04/19/2022
187350223,3,BE,04/19/2022
187350224,3,BE,04/19/2022
187350225,3,BE,04/19/2022
187350226,3,BE,04/19/2022
187350227,3,BE,04/19/2022
187350228,3,BE,04/19/2022
187350229,3,BE,04/19/2022
187350230,3,BE,04/19/2022
187350231,3,BE,04/19/2022
187350232,3,BE,04/19/2022
187350233,3,BE,04/19/2022
187350234,3,BE,04/19/2022
187350235,3,BE,04/19/2022
187350236,3,BE,04/19/2022
187350237,3,BE,04/19/2022
187350238,3,BE,04/19/2022
187350239,3,BE,04/19/2022
187350240,3,BE,04/19/2022
187350241,3,BE,04/19/2022
187350242,3,BE,04/19/2022
187350243,3,BE,04/19/2022
187350244,3,BE,04/19/2022
187350245,3,BE,04/19/2022
187350246,3,BE,04/19/2022
187350247,3,BE,04/19/2022
187350248,3,BE,04/19/2022
187350249,3,BE,04/19/2022
187350250,3,BE,04/19/2022
187350251,3,BE,04/19/2022
187350252,3,BE,04/19/2022
187350253,3,BE,04/19/2022
187350254,3,BE,04/19/2022
187350255,3,BE,04/19/2022
187350256,3,BE,04/19/2022
187350257,3,BE,04/19/2022
187350258,3,BE,04/19/2022
187350259,3,BE,04/19/2022
187350260,3,BE,04/19/2022
187350261,3,BE,04/19/2022
187350262,3,BE,04/19/2022
187350263,3,BE,04/19/2022
187350264,3,BE,04/19/2022
187350265,3,BE,04/19/2022
187350266,3,BE,04/19/2022
187350267,3,BE,04/19/2022
187350268,3,BE,04/19/2022
187350269,3,BE,04/19/2022
187350270,3,BE,04/19/2022
187350271,3,BE,04/19/2022
187350272,3,BE,04/19/2022
187350273,3,BE,04/19/2022
187350274,3,BE,04/19/2022
187350275,3,BE,04/19/2022
187350276,3,BE,04/19/2022
187350277,3,BE,04/19/2022
187350278,3,BE,04/19/2022
187350279,3,BE,04/19/2022
187350280,3,BE,04/19/2022
187350281,3,BE,04/19/2022
187350282,3,BE,04/19/2022
187350283,3,BE,04/19/2022
187350284,3,BE,04/19/2022
187350285,3,BE,04/19/2022
187350286,3,BE,04/19/2022
187350287,3,BE,04/19/2022
187350288,3,BE,04/19/2022
187350289,3,BE,04/19/2022
187350290,3,BE,04/19/2022
187350291,3,BE,04/19/2022
187350292,3,BE,04/19/2022
187350293,3,BE,04/19/2022
187350294,3,BE,04/19/2022
187350295,3,BE,04/19/2022
187350296,3,BE,04/19/2022
187350297,3,BE,04/19/2022
187350298,3,BE,04/19/2022
187350299,3,BE,04/19/2022
187350300,3,BE,04/19/2022
189376801,3B,BE,04/19/2022
189376802,3B,BE,04/19/2022
189376803,3B,BE,04/19/2022
189376804,3B,BE,04/19/2022
189376805,3B,BE,04/19/2022
189376806,3B,BE,04/19/2022
189376807,3B,BE,04/19/2022
189376808,3B,BE,04/19/2022
189376809,3B,BE,04/19/2022
189376810,3B,BE,04/19/2022
189376811,3B,BE,04/19/2022
189376812,3B,BE,04/19/2022
189376813,3B,BE,04/19/2022
189376814,3B,BE,04/19/2022
189376815,3B,BE,04/19/2022
189376816,3B,BE,04/19/2022
189376817,3B,BE,04/19/2022
189376818,3B,BE,04/19/2022
189376819,3B,BE,04/19/2022
189376820,3B,BE,04/19/2022
189376821,3B,BE,04/19/2022
189376822,3B,BE,04/19/2022
189376823,3B,BE,04/19/2022
189376824,3B,BE,04/19/2022
189376825,3B,BE,04/19/2022
189376826,3B,BE,04/19/2022
189376827,3B,BE,04/19/2022
189376828,3B,BE,04/19/2022
189376829,3B,BE,04/19/2022
189376830,3B,BE,04/19/2022
189376831,3B,BE,04/19/2022
189376832,3B,BE,04/19/2022
189376833,3B,BE,04/19/2022
189376834,3B,BE,04/19/2022
189376835,3B,BE,04/19/2022
189376836,3B,BE,04/19/2022
189376837,3B,BE,04/19/2022
189376838,3B,BE,04/19/2022
189376839,3B,BE,04/19/2022
189376840,3B,BE,04/19/2022
189376841,3B,BE,04/19/2022
189376842,3B,BE,04/19/2022
189376843,3B,BE,04/19/2022
189376844,3B,BE,04/19/2022
189376845,3B,BE,04/19/2022
189376846,3B,BE,04/19/2022
189376847,3B,BE,04/19/2022
189376848,3B,BE,04/19/2022
189376849,3B,BE,04/19/2022
189376850,3B,BE,04/19/2022
189376851,3B,BE,04/19/2022
189376852,3B,BE,04/19/2022
189376853,3B,BE,04/19/2022
189376854,3B,BE,04/19/2022
189376855,3B,BE,04/19/2022
189376856,3B,BE,04/19/2022
189376857,3B,BE,04/19/2022
189376858,3B,BE,04/19/2022
189376859,3B,BE,04/19/2022
189376860,3B,BE,04/19/2022
189376861,3B,BE,04/19/2022
189376862,3B,BE,04/19/2022
189376863,3B,BE,04/19/2022
189376864,3B,BE,04/19/2022
189376865,3B,BE,04/19/2022
189376866,3B,BE,04/19/2022
189376867,3B,BE,04/19/2022
189376868,3B,BE,04/19/2022
189376869,3B,BE,04/19/2022
189376870,3B,BE,04/19/2022
189376871,3B,BE,04/19/2022
189376872,3B,BE,04/19/2022
189376873,3B,BE,04/19/2022
189376874,3B,BE,04/19/2022
189376875,3B,BE,04/19/2022
189376876,3B,BE,04/19/2022
189376877,3B,BE,04/19/2022
189376878,3B,BE,04/19/2022
189376879,3B,BE,04/19/2022
189376880,3B,BE,04/19/2022
189376881,3B,BE,04/19/2022
189376882,3B,BE,04/19/2022
189376883,3B,BE,04/19/2022
189376884,3B,BE,04/19/2022
189376885,3B,BE,04/19/2022
189376886,3B,BE,04/19/2022
189376887,3B,BE,04/19/2022
189376888,3B,BE,04/19/2022
189376889,3B,BE,04/19/2022
189376890,3B,BE,04/19/2022
189376891,3B,BE,04/19/2022
189376892,3B,BE,04/19/2022
189376893,3B,BE,04/19/2022
189376894,3B,BE,04/19/2022
189376895,3B,BE,04/19/2022
189376896,3B,BE,04/19/2022
189376897,3B,BE,04/19/2022
189376898,3B,BE,04/19/2022
189376899,3B,BE,04/19/2022
189376900,3B,BE,04/19/2022
198103290,1A,BE,07/07/2020
198103291,1A,BE,07/07/2020
198103292,1A,BE,07/07/2020
198103293,1A,BE,07/07/2020
198103294,1A,BE,07/07/2020
198103295,1A,BE,07/07/2020
198103296,1A,BE,07/07/2020
198103297,1A,BE,07/07/2020
198103333,1A,BE,07/07/2020
198103334,1A,BE,07/07/2020
198103335,1A,BE,07/07/2020
198103336,1A,BE,07/07/2020
198103339,1A,BE,07/27/2020
198103340,1A,BE,07/07/2020
198103341,1A,BE,07/07/2020
198103344,1A,BE,07/07/2020
198103377,1A,BE,07/07/2020
198103378,1A,BE,07/07/2020
198103379,1A,BE,07/07/2020
198103380,1A,BE,07/07/2020
198103395,1A,BE,07/07/2020
202319601,3B,BE,04/04/2024
202319602,3B,BE,04/04/2024
202319603,3B,BE,04/04/2024
202319604,3B,BE,04/04/2024
202319605,3B,BE,04/04/2024
202319606,3B,BE,04/04/2024
202319607,3B,BE,04/04/2024
202319608,3B,BE,04/04/2024
202319609,3B,BE,04/04/2024
202319610,3B,BE,04/04/2024
202319611,3B,BE,04/04/2024
202319612,3B,BE,04/04/2024
202319613,3B,BE,04/04/2024
202319614,3B,BE,04/04/2024
202319615,3B,BE,04/04/2024
202319616,3B,BE,04/04/2024
202319617,3B,BE,04/04/2024
202319618,3B,BE,04/04/2024
202319619,3B,BE,04/04/2024
202319620,3B,BE,04/04/2024
202319621,3B,BE,04/04/2024
202319622,3B,BE,04/04/2024
202319623,3B,BE,04/04/2024
202319624,3B,BE,04/04/2024
202319625,3B,BE,04/04/2024
202319626,3B,BE,04/04/2024
202319627,3B,BE,04/04/2024
202319628,3B,BE,04/04/2024
202319629,3B,BE,04/04/2024
202319630,3B,BE,04/04/2024
202319631,3B,BE,04/04/2024
202319632,3B,BE,04/04/2024
202319633,3B,BE,04/04/2024
202319634,3B,BE,04/04/2024
202319635,3B,BE,04/04/2024
202319636,3B,BE,04/04/2024
202319637,3B,BE,04/04/2024
202319638,3B,BE,04/04/2024
202319639,3B,BE,04/04/2024
202319640,3B,BE,04/04/2024
202319641,3B,BE,04/04/2024
202319642,3B,BE,04/04/2024
202319643,3B,BE,04/04/2024
202319644,3B,BE,04/04/2024
202319645,3B,BE,04/04/2024
202319646,3B,BE,04/04/2024
202319647,3B,BE,04/04/2024
202319648,3B,BE,04/04/2024
202319649,3B,BE,04/04/2024
202319650,3B,BE,04/04/2024
202319651,3B,BE,04/04/2024
202319652,3B,BE,04/04/2024
202319653,3B,BE,04/04/2024
202319654,3B,BE,04/04/2024
202319655,3B,BE,04/04/2024
202319656,3B,BE,04/04/2024
202319657,3B,BE,04/04/2024
202319658,3B,BE,04/04/2024
202319659,3B,BE,04/04/2024
202319660,3B,BE,04/04/2024
202319661,3B,BE,04/04/2024
202319662,3B,BE,04/04/2024
202319663,3B,BE,04/04/2024
202319664,3B,BE,04/04/2024
202319665,3B,BE,04/04/2024
202319666,3B,BE,04/04/2024
202319667,3B,BE,04/04/2024
202319668,3B,BE,04/04/2024
202319669,3B,BE,04/04/2024
202319670,3B,BE,04/04/2024
202319671,3B,BE,04/04/2024
202319672,3B,BE,04/04/2024
202319673,3B,BE,04/04/2024
202319674,3B,BE,04/04/2024
202319675,3B,BE,04/04/2024
202319676,3B,BE,04/04/2024
202319677,3B,BE,04/04/2024
202319678,3B,BE,04/04/2024
202319679,3B,BE,04/04/2024
202319680,3B,BE,04/04/2024
202319681,3B,BE,04/04/2024
202319682,3B,BE,04/04/2024
202319683,3B,BE,04/04/2024
202319684,3B,BE,04/04/2024
202319685,3B,BE,04/04/2024
202319686,3B,BE,04/04/2024
202319687,3B,BE,04/04/2024
202319688,3B,BE,04/04/2024
202319689,3B,BE,04/04/2024
202319690,3B,BE,04/04/2024
202319691,3B,BE,04/04/2024
202319692,3B,BE,04/04/2024
202319693,3B,BE,04/04/2024
202319694,3B,BE,04/04/2024
202319695,3B,BE,04/04/2024
202319696,3B,BE,04/04/2024
202319697,3B,BE,04/04/2024
202319698,3B,BE,04/04/2024
202319699,3B,BE,04/04/2024
202319700,3B,BE,04/04/2024
248016201,0A,BE,10/04/2017
248016202,0A,BE,10/04/2017
248016203,0A,BE,10/04/2017
248016204,0A,BE,10/04/2017
248016205,0A,BE,10/04/2017
248016206,0A,BE,10/04/2017
248016207,0A,BE,10/04/2017
248016208,0A,BE,10/04/2017
248016209,0A,BE,10/04/2017
248016210,0A,BE,10/04/2017
248016211,0A,BE,10/04/2017
248016212,0A,BE,10/04/2017
248016213,0A,BE,10/04/2017
248016214,0A,BE,10/04/2017
248016215,0A,BE,10/04/2017
248016216,0A,BE,10/04/2017
248016217,0A,BE,10/04/2017
248016218,0A,BE,10/04/2017
248016219,0A,BE,10/04/2017
248016220,0A,BE,10/04/2017
248016221,0A,BE,10/04/2017
248016222,0A,BE,10/04/2017
248016223,0A,BE,10/04/2017
248016224,0A,BE,10/04/2017
248016225,0A,BE,10/04/2017
248016226,0A,BE,10/04/2017
248016227,0A,BE,10/04/2017
248016228,0A,BE,10/04/2017
248016229,0A,BE,10/04/2017
248016230,0A,BE,10/04/2017
248016231,0A,BE,10/04/2017
248016232,0A,BE,10/04/2017
248016233,0A,BE,10/04/2017
248016234,0A,BE,10/04/2017
248016235,0A,BE,10/04/2017
248016236,0A,BE,10/04/2017
248016237,0A,BE,10/04/2017
248016238,0A,BE,10/04/2017
248016239,0A,BE,10/04/2017
248016240,0A,BE,10/04/2017
248016241,0A,BE,10/04/2017
248016242,0A,BE,10/04/2017
248016243,0A,BE,10/04/2017
248016244,0A,BE,10/04/2017
248016245,0A,BE,10/04/2017
248016246,0A,BE,10/04/2017
248016247,0A,BE,10/04/2017
248016248,0A,BE,10/04/2017
248016249,0A,BE,10/04/2017
248016250,0A,BE,10/04/2017
248016251,0A,BE,10/04/2017
248016252,0A,BE,10/04/2017
248016253,0A,BE,10/04/2017
248016254,0A,BE,10/04/2017
248016255,0A,BE,10/04/2017
248016256,0A,BE,10/04/2017
248016257,0A,BE,10/04/2017
248016258,0A,BE,10/04/2017
248016259,0A,BE,10/04/2017
248016260,0A,BE,10/04/2017
248016261,0A,BE,10/04/2017
248016262,0A,BE,10/04/2017
248016263,0A,BE,10/04/2017
248016264,0A,BE,10/04/2017
248016265,0A,BE,10/04/2017
248016266,0A,BE,10/04/2017
248016267,0A,BE,10/04/2017
248016268,0A,BE,10/04/2017
248016269,0A,BE,10/04/2017
248016270,0A,BE,10/04/2017
248016271,0A,BE,10/04/2017
248016272,0A,BE,10/04/2017
248016273,0A,BE,10/04/2017
248016274,0A,BE,10/04/2017
248016275,0A,BE,10/04/2017
248016276,0A,BE,10/04/2017
248016277,0A,BE,10/04/2017
248016278,0A,BE,10/04/2017
248016279,0A,BE,10/04/2017
248016280,0A,BE,10/04/2017
248016281,0A,BE,10/04/2017
248016282,0A,BE,10/04/2017
248016283,0A,BE,10/04/2017
248016284,0A,BE,10/04/2017
248016285,0A,BE,10/04/2017
248016286,0A,BE,10/04/2017
248016287,0A,BE,10/04/2017
248016288,0A,BE,10/04/2017
248016289,0A,BE,10/04/2017
248016290,0A,BE,10/04/2017
248016291,0A,BE,10/04/2017
248016292,0A,BE,10/04/2017
248016293,0A,BE,10/04/2017
248016294,0A,BE,10/04/2017
248016295,0A,BE,10/04/2017
248016296,0A,BE,10/04/2017
248016297,0A,BE,10/04/2017
248016298,0A,BE,10/04/2017
248016299,0A,BE,10/04/2017
248016300,0A,BE,10/04/2017
257153301,1B,BE,11/07/2012
257153302,1B,BE,11/07/2012
257153303,1B,BE,11/07/2012
257153304,1B,BE,11/07/2012
257153305,1B,BE,11/07/2012
257153306,1B,BE,11/07/2012
257153307,1B,BE,11/07/2012
257153308,1B,BE,11/07/2012
257153309,1B,BE,11/07/2012
257153310,1B,BE,11/07/2012
257153311,1B,BE,11/07/2012
257153312,1B,BE,11/07/2012
257153313,1B,BE,11/07/2012
257153314,1B,BE,11/07/2012
257153315,1B,BE,11/07/2012
257153316,1B,BE,11/07/2012
257153317,1B,BE,11/07/2012
257153318,1B,BE,11/07/2012
257153319,1B,BE,11/07/2012
257153320,1B,BE,11/07/2012
257153321,1B,BE,11/07/2012
257153322,1B,BE,11/07/2012
257153323,1B,BE,11/07/2012
257153324,1B,BE,11/07/2012
257153325,1B,BE,11/07/2012
257153326,1B,BE,11/07/2012
257153327,1B,BE,11/07/2012
257153328,1B,BE,11/07/2012
257153329,1B,BE,11/07/2012
257153330,1B,BE,11/07/2012
257153331,1B,BE,10/04/2017
257153332,1B,BE,10/04/2017
257153333,1B,BE,10/04/2017
257153334,1B,BE,10/04/2017
257153335,1B,BE,10/04/2017
257153336,1B,BE,10/04/2017
257153337,1B,BE,10/04/2017
257153338,1B,BE,10/04/2017
257153339,1B,BE,10/04/2017
257153340,1B,BE,10/04/2017
257153341,1B,BE,10/04/2017
257153342,1B,BE,11/07/2012
257153343,1B,BE,11/07/2012
257153344,1B,BE,11/07/2012
257153345,1B,BE,11/07/2012
257153346,1B,BE,11/07/2012
257153347,1B,BE,10/04/2017
257153348,1B,BE,11/07/2012
257153349,1B,BE,11/07/2012
257153350,1B,BE,10/04/2017
257153351,1B,BE,10/04/2017
257153352,1B,BE,10/04/2017
257153353,1B,BE,10/04/2017
257153354,1B,BE,10/04/2017
257153355,1B,BE,10/04/2017
257153356,1B,BE,10/04/2017
257153357,1B,BE,10/04/2017
257153358,1B,BE,10/04/2017
257153359,1B,BE,10/04/2017
257153360,1B,BE,10/04/2017
257153361,1B,BE,10/04/2017
257153362,1B,BE,10/04/2017
257153363,1B,BE,10/04/2017
257153364,1B,BE,10/04/2017
257153365,1B,BE,10/04/2017
257153366,1B,BE,10/04/2017
257153367,1B,BE,10/04/2017
257153368,1B,BE,10/04/2017
257153369,1B,BE,10/04/2017
257153370,1B,BE,10/04/2017
257153371,1B,BE,10/04/2017
257153372,1B,BE,10/04/2017
257153373,1B,BE,10/04/2017
257153374,1B,BE,10/04/2017
257153375,1B,BE,10/04/2017
257153376,1B,BE,10/04/2017
257153377,1B,BE,10/04/2017
257153378,1B,BE,10/04/2017
257153379,1B,BE,10/04/2017
257153380,1B,BE,10/04/2017
257153381,1B,BE,10/04/2017
257153382,1B,BE,10/04/2017
257153383,1B,BE,10/04/2017
257153384,1B,BE,10/04/2017
257153385,1B,BE,10/04/2017
257153386,1B,BE,10/04/2017
257153387,1B,BE,10/04/2017
257153388,1B,BE,10/04/2017
257153389,1B,BE,10/04/2017
257153390,1B,BE,10/04/2017
257153391,1B,BE,10/04/2017
257153392,1B,BE,10/04/2017
257153393,1B,BE,10/04/2017
257153394,1B,BE,10/04/2017
257153395,1B,BE,10/04/2017
257153396,1B,BE,10/04/2017
257153397,1B,BE,10/04/2017
257153398,1B,BE,10/04/2017
257153399,1B,BE,10/04/2017
257153400,1B,BE,10/04/2017
264175402,1A,BE,10/04/2017
264175403,1A,BE,10/04/2017
264175404,1A,BE,10/04/2017
264175405,1A,BE,10/04/2017
264175406,1A,BE,10/04/2017
264175407,1A,BE,06/20/2013
264175408,1A,BE,06/20/2013
264175409,1A,BE,06/20/2013
264175410,1A,BE,06/20/2013
264175411,1A,BE,06/20/2013
264175412,1A,BE,06/20/2013
264175413,1A,BE,06/20/2013
264175414,1A,BE,06/20/2013
264175415,1A,BE,06/20/2013
264175416,1A,BE,06/20/2013
264175417,1A,BE,06/20/2013
264175418,1A,BE,06/20/2013
264175419,1A,BE,06/20/2013
264175420,1A,BE,06/20/2013
264175421,1A,BE,06/20/2013
264175422,1A,BE,10/04/2017
264175423,1A,BE,06/20/2013
264175424,1A,BE,06/20/2013
264175425,1A,BE,06/20/2013
264175426,1A,BE,06/20/2013
264175427,1A,BE,06/20/2013
264175428,1A,BE,06/20/2013
264175429,1A,BE,06/20/2013
264175430,1A,BE,06/20/2013
264175431,1A,BE,06/20/2013
264175432,1A,BE,06/20/2013
264175433,1A,BE,06/20/2013
264175434,1A,BE,06/20/2013
264175435,1A,BE,06/20/2013
264175436,1A,BE,06/20/2013
264175437,1A,BE,06/20/2013
264175438,1A,BE,06/20/2013
264175439,1A,BE,06/20/2013
264175440,1A,BE,06/20/2013
264175441,1A,BE,06/20/2013
264175442,1A,BE,06/20/2013
264175443,1A,BE,06/20/2013
264175444,1A,BE,06/20/2013
264175445,1A,BE,06/20/2013
264175446,1A,BE,06/20/2013
264175447,1A,BE,06/20/2013
264175448,1A,BE,06/20/2013
264175449,1A,BE,06/20/2013
264175450,1A,BE,06/20/2013
264175451,1A,BE,06/20/2013
264175452,1A,BE,06/20/2013
264175453,1A,BE,06/20/2013
264175454,1A,BE,06/20/2013
264175455,1A,BE,06/20/2013
264175456,1A,BE,06/20/2013
264175457,1A,BE,06/20/2013
264175458,1A,BE,06/20/2013
264175459,1A,BE,06/20/2013
264175460,1A,BE,06/20/2013
264175461,1A,BE,06/20/2013
264175462,1A,BE,06/20/2013
264175463,1A,BE,06/20/2013
264175464,1A,BE,06/20/2013
264175465,1A,BE,06/20/2013
264175466,1A,BE,06/20/2013
264175467,1A,BE,10/04/2017
264175468,1A,BE,10/04/2017
264175469,1A,BE,10/04/2017
264175470,1A,BE,10/04/2017
264175471,1A,BE,10/04/2017
264175472,1A,BE,10/04/2017
264175473,1A,BE,10/04/2017
264175474,1A,BE,10/04/2017
264175475,1A,BE,10/04/2017
264175476,1A,BE,10/04/2017
264175477,1A,BE,10/04/2017
264175478,1A,BE,06/20/2013
264175479,1A,BE,06/20/2013
264175480,1A,BE,06/20/2013
264175481,1A,BE,06/20/2013
264175482,1A,BE,06/20/2013
264175483,1A,BE,06/20/2013
264175484,1A,BE,06/20/2013
264175485,1A,BE,06/20/2013
264175486,1A,BE,06/20/2013
264175487,1A,BE,06/20/2013
264175488,1A,BE,06/20/2013
264175489,1A,BE,06/20/2013
264175490,1A,BE,06/20/2013
264175491,1A,BE,06/20/2013
264175492,1A,BE,06/20/2013
264175493,1A,BE,10/04/2017
264175494,1A,BE,10/04/2017
264175495,1A,BE,10/04/2017
264175496,1A,BE,10/04/2017
264175497,1A,BE,10/04/2017
264175498,1A,BE,10/04/2017
264175499,1A,BE,10/04/2017
264175500,1A,BE,10/04/2017
265127978,1A,BE,07/07/2020
265127979,1A,BE,07/07/2020
265127980,1A,BE,07/07/2020
265127981,1A,BE,07/07/2020
265127982,1A,BE,07/07/2020
265127983,1A,BE,07/07/2020
265127987,1A,BE,08/04/2014
265127988,1A,BE,08/04/2014
265127989,1A,BE,08/04/2014
265127990,1A,BE,08/04/2014
265127991,1A,BE,08/04/2014
265127992,1A,BE,08/04/2014
265127993,1A,BE,08/04/2014
265127994,1A,BE,08/04/2014
265127995,1A,BE,08/04/2014
265127996,1A,BE,08/04/2014
265127997,1A,BE,08/04/2014
265127998,1A,BE,08/04/2014
265127999,1A,BE,08/04/2014
265128000,1A,BE,08/04/2014
272077822,0,BE,10/11/2017
272077823,0,BE,10/11/2017
272077824,0,BE,10/11/2017
272077825,0,BE,10/11/2017
272077826,0,BE,10/11/2017
272077827,0,BE,10/11/2017
272077828,0,BE,10/11/2017
272077829,0,BE,10/11/2017
272077830,0,BE,10/11/2017
272077831,0,BE,10/11/2017
272077837,0,BE,10/11/2017
272077838,0,BE,10/11/2017
272077839,0,BE,10/11/2017
272077840,0,BE,10/11/2017
272077841,0,BE,10/11/2017
272077842,0,BE,10/11/2017
272077843,0,BE,10/11/2017
272077844,0,BE,10/11/2017
272077845,0,BE,10/11/2017
274058301,0,BE,10/04/2017
274058302,0,BE,10/04/2017
274058303,0,BE,10/04/2017
274058304,0,BE,10/04/2017
274058305,0,BE,10/04/2017
274058306,0,BE,10/04/2017
274058307,0,BE,10/04/2017
274058308,0,BE,10/04/2017
274058309,0,BE,10/04/2017
274058310,0,BE,10/04/2017
274058311,0,BE,10/04/2017
274058312,0,BE,10/04/2017
274058313,0,BE,10/04/2017
274058314,0,BE,10/04/2017
274058315,0,BE,10/04/2017
274058316,0,BE,10/04/2017
274058317,0,BE,10/04/2017
274058318,0,BE,10/04/2017
274058319,0,BE,10/04/2017
274058320,0,BE,10/04/2017
274058321,0,BE,10/04/2017
274058322,0,BE,10/04/2017
274058323,0,BE,10/04/2017
274058324,0,BE,10/04/2017
274058325,0,BE,10/04/2017
274058326,0,BE,10/04/2017
274058327,0,BE,10/04/2017
274058328,0,BE,10/04/2017
274058329,0,BE,10/04/2017
274058330,0,BE,10/04/2017
274058331,0,BE,10/04/2017
274058332,0,BE,10/04/2017
274058333,0,BE,10/04/2017
274058334,0,BE,10/04/2017
274058335,0,BE,10/04/2017
274058336,0,BE,10/04/2017
274058337,0,BE,10/04/2017
274058338,0,BE,10/04/2017
274058339,0,BE,10/04/2017
274058340,0,BE,10/04/2017
274058341,0,BE,10/04/2017
274058342,0,BE,10/04/2017
274058343,0,BE,10/04/2017
274058344,0,BE,10/04/2017
274058345,0,BE,10/04/2017
274058346,0,BE,10/04/2017
274058347,0,BE,10/04/2017
274058348,0,BE,10/04/2017
274058349,0,BE,10/04/2017
274058350,0,BE,10/04/2017
274058351,0,BE,10/04/2017
274058352,0,BE,10/04/2017
274058353,0,BE,10/04/2017
274058354,0,BE,10/04/2017
274058355,0,BE,10/04/2017
274058356,0,BE,10/04/2017
274058357,0,BE,10/04/2017
274058358,0,BE,10/04/2017
274058359,0,BE,10/04/2017
274058360,0,BE,10/04/2017
274058361,0,BE,10/04/2017
274058362,0,BE,10/04/2017
274058363,0,BE,10/04/2017
274058364,0,BE,10/04/2017
274058365,0,BE,10/04/2017
274058366,0,BE,10/04/2017
274058367,0,BE,10/04/2017
274058368,0,BE,10/04/2017
274058369,0,BE,10/04/2017
274058370,0,BE,10/04/2017
274058371,0,BE,10/04/2017
274058372,0,BE,10/04/2017
274058373,0,BE,10/04/2017
274058374,0,BE,10/04/2017
274058375,0,BE,10/04/2017
274058376,0,BE,10/04/2017
274058377,0,BE,10/04/2017
274058378,0,BE,10/04/2017
274058379,0,BE,10/04/2017
274058380,0,BE,10/04/2017
274058381,0,BE,10/04/2017
274058382,0,BE,10/04/2017
274058383,0,BE,10/04/2017
274058384,0,BE,10/04/2017
274058385,0,BE,10/04/2017
274058386,0,BE,10/04/2017
274058387,0,BE,10/04/2017
274058388,0,BE,10/04/2017
274058389,0,BE,10/04/2017
274058390,0,BE,10/04/2017
274058391,0,BE,10/04/2017
274058392,0,BE,10/04/2017
274058393,0,BE,10/04/2017
274058394,0,BE,10/04/2017
274058395,0,BE,10/04/2017
274058396,0,BE,10/04/2017
274058397,0,BE,10/04/2017
274058398,0,BE,10/04/2017
274058399,0,BE,10/04/2017
274058400,0,BE,10/04/2017
274058401,0,BE,10/04/2017
274058402,0,BE,10/04/2017
274058403,0,BE,10/04/2017
274058404,0,BE,10/04/2017
274058405,0,BE,10/04/2017
274058406,0,BE,10/04/2017
274058407,0,BE,10/04/2017
274058408,0,BE,10/04/2017
274058409,0,BE,10/04/2017
274058410,0,BE,10/04/2017
274058411,0,BE,10/04/2017
274058412,0,BE,10/04/2017
274058413,0,BE,10/04/2017
274058414,0,BE,10/04/2017
274058415,0,BE,10/04/2017
274058416,0,BE,10/04/2017
274058417,0,BE,10/04/2017
274058418,0,BE,10/04/2017
274058419,0,BE,10/04/2017
274058420,0,BE,10/04/2017
274058421,0,BE,10/04/2017
274058422,0,BE,10/04/2017
274058423,0,BE,10/04/2017
274058424,0,BE,10/04/2017
274058425,0,BE,10/04/2017
274058426,0,BE,10/04/2017
274058427,0,BE,10/04/2017
274058428,0,BE,10/04/2017
274058429,0,BE,10/04/2017
274058430,0,BE,10/04/2017
274058431,0,BE,10/04/2017
274058432,0,BE,10/04/2017
274058433,0,BE,10/04/2017
274058434,0,BE,10/04/2017
274058435,0,BE,10/04/2017
274058436,0,BE,10/04/2017
274058437,0,BE,10/04/2017
274058438,0,BE,10/04/2017
274058439,0,BE,10/04/2017
274058440,0,BE,10/04/2017
274058441,0,BE,10/04/2017
274058442,0,BE,10/04/2017
274058443,0,BE,10/04/2017
274058444,0,BE,10/04/2017
274058445,0,BE,10/04/2017
274058446,0,BE,10/04/2017
274058447,0,BE,10/04/2017
274058448,0,BE,10/04/2017
274058449,0,BE,10/04/2017
274058450,0,BE,10/04/2017
274058451,0,BE,10/04/2017
274058452,0,BE,10/04/2017
274058453,0,BE,10/04/2017
274058454,0,BE,10/04/2017
274058455,0,BE,10/04/2017
274058456,0,BE,10/04/2017
274058457,0,BE,10/04/2017
274058458,0,BE,10/04/2017
274058467,0,BE,08/04/2014
274058468,0,BE,08/04/2014
274058469,0,BE,08/04/2014
274058470,0,BE,08/04/2014
274058471,0,BE,08/04/2014
274058472,0,BE,08/04/2014
274058473,0,BE,08/04/2014
274058474,0,BE,08/04/2014
274058475,0,BE,08/04/2014
274058476,0,BE,08/04/2014
274058477,0,BE,08/04/2014
274058478,0,BE,08/04/2014
274058479,0,BE,08/04/2014
274058480,0,BE,10/04/2017
274058481,0,BE,10/04/2017
274058482,0,BE,10/04/2017
274058483,0,BE,10/04/2017
274058484,0,BE,10/04/2017
274058485,0,BE,10/04/2017
274058486,0,BE,10/04/2017
274058487,0,BE,10/04/2017
274058488,0,BE,10/04/2017
274058489,0,BE,10/04/2017
274058490,0,BE,10/04/2017
274058491,0,BE,10/04/2017
274058492,0,BE,10/04/2017
274058493,0,BE,10/04/2017
274058494,0,BE,10/04/2017
274058495,0,BE,10/04/2017
274058496,0,BE,10/04/2017
274058497,0,BE,10/04/2017
274058498,0,BE,10/04/2017
274058499,0,BE,10/04/2017
274058500,0,BE,10/04/2017
292194001,1A,BE,03/28/2023
292194002,1A,BE,03/28/2023
292194003,1A,BE,03/28/2023
292194004,1A,BE,03/28/2023
292194005,1A,BE,03/28/2023
292194006,1A,BE,03/28/2023
292194007,1A,BE,03/28/2023
292194008,1A,BE,03/28/2023
292194009,1A,BE,03/28/2023
292194010,1A,BE,03/28/2023
292194011,1A,BE,03/28/2023
292194012,1A,BE,03/28/2023
292194013,1A,BE,03/28/2023
292194014,1A,BE,03/28/2023
292194015,1A,BE,03/28/2023
292194016,1A,BE,03/28/2023
292194017,1A,BE,03/28/2023
292194018,1A,BE,03/28/2023
292194019,1A,BE,03/28/2023
292194020,1A,BE,03/28/2023
292194021,1A,BE,03/28/2023
292194022,1A,BE,03/28/2023
292194023,1A,BE,03/28/2023
292194024,1A,BE,03/28/2023
292194025,1A,BE,03/28/2023
292194026,1A,BE,03/28/2023
292194027,1A,BE,03/28/2023
292194028,1A,BE,03/28/2023
292194029,1A,BE,03/28/2023
292194030,1A,BE,03/28/2023
292194031,1A,BE,03/28/2023
292194032,1A,BE,03/28/2023
292194033,1A,BE,03/28/2023
292194034,1A,BE,03/28/2023
292194035,1A,BE,03/28/2023
292194036,1A,BE,03/28/2023
292194037,1A,BE,03/28/2023
292194038,1A,BE,03/28/2023
292194039,1A,BE,03/28/2023
292194040,1A,BE,03/28/2023
292194041,1A,BE,03/28/2023
292194042,1A,BE,03/28/2023
292194043,1A,BE,03/28/2023
292194044,1A,BE,03/28/2023
292194045,1A,BE,03/28/2023
292194046,1A,BE,03/28/2023
292194047,1A,BE,03/28/2023
292194048,1A,BE,03/28/2023
292194049,1A,BE,03/28/2023
292194050,1A,BE,03/28/2023
292194051,1A,BE,03/28/2023
292194052,1A,BE,03/28/2023
292194053,1A,BE,03/28/2023
292194054,1A,BE,03/28/2023
292194055,1A,BE,03/28/2023
292194056,1A,BE,03/28/2023
292194057,1A,BE,03/28/2023
292194058,1A,BE,03/28/2023
292194059,1A,BE,03/28/2023
292194060,1A,BE,03/28/2023
292194061,1A,BE,03/28/2023
292194062,1A,BE,03/28/2023
292194063,1A,BE,03/28/2023
292194064,1A,BE,03/28/2023
292194065,1A,BE,03/28/2023
292194066,1A,BE,03/28/2023
292194067,1A,BE,03/28/2023
292194068,1A,BE,03/28/2023
292194069,1A,BE,03/28/2023
292194070,1A,BE,03/28/2023
292194071,1A,BE,03/28/2023
292194072,1A,BE,03/28/2023
292194073,1A,BE,03/28/2023
292194074,1A,BE,03/28/2023
292194075,1A,BE,03/28/2023
292194076,1A,BE,03/28/2023
292194077,1A,BE,03/28/2023
292194078,1A,BE,03/28/2023
292194079,1A,BE,03/28/2023
292194080,1A,BE,03/28/2023
292194081,1A,BE,03/28/2023
292194082,1A,BE,03/28/2023
292194083,1A,BE,03/28/2023
292194084,1A,BE,03/28/2023
292194085,1A,BE,03/28/2023
292194086,1A,BE,03/28/2023
292194087,1A,BE,03/28/2023
292194088,1A,BE,03/28/2023
292194089,1A,BE,03/28/2023
292194090,1A,BE,03/28/2023
292194091,1A,BE,03/28/2023
292194092,1A,BE,03/28/2023
292194093,1A,BE,03/28/2023
292194094,1A,BE,03/28/2023
292194095,1A,BE,03/28/2023
292194096,1A,BE,03/28/2023
292194097,1A,BE,03/28/2023
292194098,1A,BE,03/28/2023
292194099,1A,BE,03/28/2023
292194100,1A,BE,03/28/2023
292194101,1A,BE,03/28/2023
292194102,1A,BE,03/28/2023
292194103,1A,BE,03/28/2023
292194104,1A,BE,03/28/2023
292194105,1A,BE,03/28/2023
292194106,1A,BE,03/28/2023
292194107,1A,BE,03/28/2023
292194108,1A,BE,03/28/2023
292194109,1A,BE,03/28/2023
292194110,1A,BE,03/28/2023
292194111,1A,BE,03/28/2023
292194112,1A,BE,03/28/2023
292194113,1A,BE,03/28/2023
292194114,1A,BE,03/28/2023
292194115,1A,BE,03/28/2023
292194116,1A,BE,03/28/2023
292194117,1A,BE,03/28/2023
292194118,1A,BE,03/28/2023
292194119,1A,BE,03/28/2023
292194120,1A,BE,03/28/2023
292194121,1A,BE,03/28/2023
292194122,1A,BE,03/28/2023
292194123,1A,BE,03/28/2023
292194124,1A,BE,03/28/2023
292194125,1A,BE,03/28/2023
292194126,1A,BE,03/28/2023
292194127,1A,BE,03/28/2023
292194128,1A,BE,03/28/2023
292194129,1A,BE,03/28/2023
292194130,1A,BE,03/28/2023
292194131,1A,BE,03/28/2023
292194132,1A,BE,03/28/2023
292194133,1A,BE,03/28/2023
292194134,1A,BE,03/28/2023
292194135,1A,BE,03/28/2023
292194136,1A,BE,03/28/2023
292194137,1A,BE,03/28/2023
292194138,1A,BE,03/28/2023
292194139,1A,BE,03/28/2023
292194140,1A,BE,03/28/2023
292194141,1A,BE,03/28/2023
292194142,1A,BE,03/28/2023
292194143,1A,BE,03/28/2023
292194144,1A,BE,03/28/2023
292194145,1A,BE,03/28/2023
292194146,1A,BE,03/28/2023
292194147,1A,BE,03/28/2023
292194148,1A,BE,03/28/2023
292194149,1A,BE,03/28/2023
292194150,1A,BE,03/28/2023
292194151,1A,BE,03/28/2023
292194152,1A,BE,03/28/2023
292194153,1A,BE,03/28/2023
292194154,1A,BE,03/28/2023
292194155,1A,BE,03/28/2023
292194156,1A,BE,03/28/2023
292194157,1A,BE,03/28/2023
292194158,1A,BE,03/28/2023
292194159,1A,BE,03/28/2023
292194160,1A,BE,03/28/2023
292194161,1A,BE,03/28/2023
292194162,1A,BE,03/28/2023
292194163,1A,BE,03/28/2023
292194164,1A,BE,03/28/2023
292194165,1A,BE,03/28/2023
292194166,1A,BE,03/28/2023
292194167,1A,BE,03/28/2023
292194168,1A,BE,03/28/2023
292194169,1A,BE,03/28/2023
292194170,1A,BE,03/28/2023
292194171,1A,BE,03/28/2023
292194172,1A,BE,03/28/2023
292194173,1A,BE,03/28/2023
292194174,1A,BE,03/28/2023
292194175,1A,BE,03/28/2023
292194176,1A,BE,03/28/2023
292194177,1A,BE,03/28/2023
292194178,1A,BE,03/28/2023
292194179,1A,BE,03/28/2023
292194180,1A,BE,03/28/2023
292194181,1A,BE,03/28/2023
292194182,1A,BE,03/28/2023
292194183,1A,BE,03/28/2023
292194184,1A,BE,03/28/2023
292194185,1A,BE,03/28/2023
292194186,1A,BE,03/28/2023
292194187,1A,BE,03/28/2023
292194188,1A,BE,03/28/2023
292194189,1A,BE,03/28/2023
292194190,1A,BE,03/28/2023
292194191,1A,BE,03/28/2023
292194192,1A,BE,03/28/2023
292194193,1A,BE,03/28/2023
292194194,1A,BE,03/28/2023
292194195,1A,BE,03/28/2023
292194196,1A,BE,03/28/2023
292194197,1A,BE,03/28/2023
292194198,1A,BE,03/28/2023
292194199,1A,BE,03/28/2023
292194200,1A,BE,03/28/2023
294120301,1B,BE,04/08/2021
294120302,1B,BE,04/08/2021
294120303,1B,BE,04/08/2021
294120304,1B,BE,04/08/2021
294120305,1B,BE,04/08/2021
294120306,1B,BE,04/08/2021
294120307,1B,BE,04/08/2021
294120308,1B,BE,04/08/2021
294120309,1B,BE,04/08/2021
294120310,1B,BE,04/08/2021
294120311,1B,BE,04/08/2021
294120312,1B,BE,04/08/2021
294120313,1B,BE,04/08/2021
294120314,1B,BE,04/08/2021
294120315,1B,BE,04/08/2021
294120316,1B,BE,04/08/2021
294120317,1B,BE,04/08/2021
294120318,1B,BE,04/08/2021
294120319,1B,BE,04/08/2021
294120320,1B,BE,04/08/2021
294120321,1B,BE,04/08/2021
294120322,1B,BE,04/08/2021
294120323,1B,BE,04/08/2021
294120324,1B,BE,04/08/2021
294120325,1B,BE,04/08/2021
294120326,1B,BE,04/08/2021
294120327,1B,BE,04/08/2021
294120328,1B,BE,04/08/2021
294120329,1B,BE,04/08/2021
294120330,1B,BE,04/08/2021
294120331,1B,BE,04/08/2021
294120332,1B,BE,04/08/2021
294120333,1B,BE,04/08/2021
294120334,1B,BE,04/08/2021
294120335,1B,BE,04/08/2021
294120336,1B,BE,04/08/2021
294120337,1B,BE,04/08/2021
294120338,1B,BE,04/08/2021
294120339,1B,BE,04/08/2021
294120340,1B,BE,04/08/2021
294120341,1B,BE,04/08/2021
294120342,1B,BE,04/08/2021
294120343,1B,BE,04/08/2021
294120344,1B,BE,04/08/2021
294120345,1B,BE,04/08/2021
294120346,1B,BE,04/08/2021
294120347,1B,BE,04/08/2021
294120348,1B,BE,04/08/2021
294120349,1B,BE,04/08/2021
294120350,1B,BE,04/08/2021
294120351,1B,BE,04/08/2021
294120352,1B,BE,04/08/2021
294120353,1B,BE,04/08/2021
294120354,1B,BE,04/08/2021
294120355,1B,BE,04/08/2021
294120356,1B,BE,04/08/2021
294120357,1B,BE,04/08/2021
294120358,1B,BE,04/08/2021
294120359,1B,BE,04/08/2021
294120360,1B,BE,04/08/2021
294120361,1B,BE,04/08/2021
294120362,1B,BE,04/08/2021
294120363,1B,BE,04/08/2021
294120364,1B,BE,04/08/2021
294120365,1B,BE,04/08/2021
294120366,1B,BE,04/08/2021
294120367,1B,BE,04/08/2021
294120368,1B,BE,04/08/2021
294120369,1B,BE,04/08/2021
294120370,1B,BE,04/08/2021
294120371,1B,BE,04/08/2021
294120372,1B,BE,04/08/2021
294120373,1B,BE,04/08/2021
294120374,1B,BE,04/08/2021
294120375,1B,BE,04/08/2021
294120376,1B,BE,04/08/2021
294120377,1B,BE,04/08/2021
294120378,1B,BE,04/08/2021
294120379,1B,BE,04/08/2021
294120380,1B,BE,04/08/2021
294120381,1B,BE,04/08/2021
294120382,1B,BE,04/08/2021
294120383,1B,BE,04/08/2021
294120384,1B,BE,04/08/2021
294120385,1B,BE,04/08/2021
294120386,1B,BE,04/08/2021
294120387,1B,BE,04/08/2021
294120388,1B,BE,04/08/2021
294120389,1B,BE,04/08/2021
294120390,1B,BE,04/08/2021
294120391,1B,BE,04/08/2021
294120392,1B,BE,04/08/2021
294120393,1B,BE,04/08/2021
294120394,1B,BE,04/08/2021
294120395,1B,BE,04/08/2021
294120396,1B,BE,04/08/2021
294120397,1B,BE,04/08/2021
294120398,1B,BE,04/08/2021
294120399,1B,BE,04/08/2021
294120400,1B,BE,04/08/2021
294120401,1B,BE,04/08/2021
294120402,1B,BE,04/08/2021
294120403,1B,BE,04/08/2021
294120404,1B,BE,04/08/2021
294120405,1B,BE,04/08/2021
294120406,1B,BE,04/08/2021
294120407,1B,BE,04/08/2021
294120408,1B,BE,04/08/2021
294120409,1B,BE,04/08/2021
294120410,1B,BE,04/08/2021
294120411,1B,BE,04/08/2021
294120412,1B,BE,04/08/2021
294120413,1B,BE,04/08/2021
294120414,1B,BE,04/08/2021
294120415,1B,BE,04/08/2021
294120416,1B,BE,04/08/2021
294120417,1B,BE,04/08/2021
294120418,1B,BE,04/08/2021
294120419,1B,BE,04/08/2021
294120420,1B,BE,04/08/2021
294120421,1B,BE,04/08/2021
294120422,1B,BE,04/08/2021
294120423,1B,BE,04/08/2021
294120424,1B,BE,04/08/2021
294120425,1B,BE,04/08/2021
294120426,1B,BE,04/08/2021
294120427,1B,BE,04/08/2021
294120428,1B,BE,04/08/2021
294120429,1B,BE,04/08/2021
294120430,1B,BE,04/08/2021
294120431,1B,BE,04/08/2021
294120432,1B,BE,04/08/2021
294120433,1B,BE,04/08/2021
294120434,1B,BE,04/08/2021
294120435,1B,BE,04/08/2021
294120436,1B,BE,04/08/2021
294120437,1B,BE,04/08/2021
294120438,1B,BE,04/08/2021
294120439,1B,BE,04/08/2021
294120440,1B,BE,04/08/2021
294120441,1B,BE,04/08/2021
294120442,1B,BE,04/08/2021
294120443,1B,BE,04/08/2021
294120444,1B,BE,04/08/2021
294120445,1B,BE,04/08/2021
294120446,1B,BE,04/08/2021
294120447,1B,BE,04/08/2021
294120448,1B,BE,04/08/2021
294120449,1B,BE,04/08/2021
294120450,1B,BE,04/08/2021
294120451,1B,BE,04/08/2021
294120452,1B,BE,04/08/2021
294120453,1B,BE,04/08/2021
294120454,1B,BE,04/08/2021
294120455,1B,BE,04/08/2021
294120456,1B,BE,04/08/2021
294120457,1B,BE,04/08/2021
294120458,1B,BE,04/08/2021
294120459,1B,BE,04/08/2021
294120460,1B,BE,04/08/2021
294120461,1B,BE,04/08/2021
294120462,1B,BE,04/08/2021
294120463,1B,BE,04/08/2021
294120464,1B,BE,04/08/2021
294120465,1B,BE,04/08/2021
294120466,1B,BE,04/08/2021
294120467,1B,BE,04/08/2021
294120468,1B,BE,04/08/2021
294120469,1B,BE,04/08/2021
294120470,1B,BE,04/08/2021
294120471,1B,BE,04/08/2021
294120472,1B,BE,04/08/2021
294120473,1B,BE,04/08/2021
294120474,1B,BE,04/08/2021
294120475,1B,BE,04/08/2021
294120476,1B,BE,04/08/2021
294120477,1B,BE,04/08/2021
294120478,1B,BE,04/08/2021
294120479,1B,BE,04/08/2021
294120480,1B,BE,04/08/2021
294120481,1B,BE,04/08/2021
294120482,1B,BE,04/08/2021
294120483,1B,BE,04/08/2021
294120484,1B,BE,04/08/2021
294120485,1B,BE,04/08/2021
294120486,1B,BE,04/08/2021
294120487,1B,BE,04/08/2021
294120488,1B,BE,04/08/2021
294120489,1B,BE,04/08/2021
294120490,1B,BE,04/08/2021
294120491,1B,BE,04/08/2021
294120492,1B,BE,04/08/2021
294120493,1B,BE,04/08/2021
294120494,1B,BE,04/08/2021
294120495,1B,BE,04/08/2021
294120496,1B,BE,04/08/2021
294120497,1B,BE,04/08/2021
294120498,1B,BE,04/08/2021
294120499,1B,BE,04/08/2021
294120500,1B,BE,04/08/2021
304046001,0,BE,04/04/2024
304046002,0,BE,04/04/2024
304046003,0,BE,04/04/2024
304046004,0,BE,04/04/2024
304046005,0,BE,04/04/2024
304046006,0,BE,04/04/2024
304046007,0,BE,04/04/2024
304046008,0,BE,04/04/2024
304046009,0,BE,04/04/2024
304046010,0,BE,04/04/2024
304046011,0,BE,04/04/2024
304046012,0,BE,04/04/2024
304046013,0,BE,04/04/2024
304046014,0,BE,04/04/2024
304046015,0,BE,04/04/2024
304046016,0,BE,04/04/2024
304046017,0,BE,04/04/2024
304046018,0,BE,04/04/2024
304046019,0,BE,04/04/2024
304046020,0,BE,04/04/2024
304046021,0,BE,04/04/2024
304046022,0,BE,04/04/2024
304046023,0,BE,04/04/2024
304046024,0,BE,04/04/2024
304046025,0,BE,04/04/2024
304046026,0,BE,04/04/2024
304046027,0,BE,04/04/2024
304046028,0,BE,04/04/2024
304046029,0,BE,04/04/2024
304046030,0,BE,04/04/2024
304046031,0,BE,04/04/2024
304046032,0,BE,04/04/2024
304046033,0,BE,04/04/2024
304046034,0,BE,04/04/2024
304046035,0,BE,04/04/2024
304046036,0,BE,04/04/2024
304046037,0,BE,04/04/2024
304046038,0,BE,04/04/2024
304046039,0,BE,04/04/2024
304046040,0,BE,04/04/2024
304046041,0,BE,04/04/2024
304046042,0,BE,04/04/2024
304046043,0,BE,04/04/2024
304046044,0,BE,04/04/2024
304046045,0,BE,04/04/2024
304046046,0,BE,04/04/2024
304046047,0,BE,04/04/2024
304046048,0,BE,04/04/2024
304046049,0,BE,04/04/2024
304046050,0,BE,04/04/2024
304046051,0,BE,04/04/2024
304046052,0,BE,04/04/2024
304046053,0,BE,04/04/2024
304046054,0,BE,04/04/2024
304046055,0,BE,04/04/2024
304046056,0,BE,04/04/2024
304046057,0,BE,04/04/2024
304046058,0,BE,04/04/2024
304046059,0,BE,04/04/2024
304046060,0,BE,04/04/2024
304046061,0,BE,04/04/2024
304046062,0,BE,04/04/2024
304046063,0,BE,04/04/2024
304046064,0,BE,04/04/2024
304046065,0,BE,04/04/2024
304046066,0,BE,04/04/2024
304046067,0,BE,04/04/2024
304046068,0,BE,04/04/2024
304046069,0,BE,04/04/2024
304046070,0,BE,04/04/2024
304046071,0,BE,04/04/2024
304046072,0,BE,04/04/2024
304046073,0,BE,04/04/2024
304046074,0,BE,04/04/2024
304046075,0,BE,04/04/2024
304046076,0,BE,04/04/2024
304046077,0,BE,04/04/2024
304046078,0,BE,04/04/2024
304046079,0,BE,04/04/2024
304046080,0,BE,04/04/2024
304046081,0,BE,04/04/2024
304046082,0,BE,04/04/2024
304046083,0,BE,04/04/2024
304046084,0,BE,04/04/2024
304046085,0,BE,04/04/2024
304046086,0,BE,04/04/2024
304046087,0,BE,04/04/2024
304046088,0,BE,04/04/2024
304046089,0,BE,04/04/2024
304046090,0,BE,04/04/2024
304046091,0,BE,04/04/2024
304046092,0,BE,04/04/2024
304046093,0,BE,04/04/2024
304046094,0,BE,04/04/2024
304046095,0,BE,04/04/2024
304046096,0,BE,04/04/2024
304046097,0,BE,04/04/2024
304046098,0,BE,04/04/2024
304046099,0,BE,04/04/2024
304046100,0,BE,04/04/2024
304046101,0,BE,04/04/2024
304046102,0,BE,04/04/2024
304046103,0,BE,04/04/2024
304046104,0,BE,04/04/2024
304046105,0,BE,04/04/2024
304046106,0,BE,04/04/2024
304046107,0,BE,04/04/2024
304046108,0,BE,04/04/2024
304046109,0,BE,04/04/2024
304046110,0,BE,04/04/2024
304046111,0,BE,04/04/2024
304046112,0,BE,04/04/2024
304046113,0,BE,04/04/2024
304046114,0,BE,04/04/2024
304046115,0,BE,04/04/2024
304046116,0,BE,04/04/2024
304046117,0,BE,04/04/2024
304046118,0,BE,04/04/2024
304046119,0,BE,04/04/2024
304046120,0,BE,04/04/2024
304046121,0,BE,04/04/2024
304046122,0,BE,04/04/2024
304046123,0,BE,04/04/2024
304046124,0,BE,04/04/2024
304046125,0,BE,04/04/2024
304046126,0,BE,04/04/2024
304046127,0,BE,04/04/2024
304046128,0,BE,04/04/2024
304046129,0,BE,04/04/2024
304046130,0,BE,04/04/2024
304046131,0,BE,04/04/2024
304046132,0,BE,04/04/2024
304046133,0,BE,04/04/2024
304046134,0,BE,04/04/2024
304046135,0,BE,04/04/2024
304046136,0,BE,04/04/2024
304046137,0,BE,04/04/2024
304046138,0,BE,04/04/2024
304046139,0,BE,04/04/2024
304046140,0,BE,04/04/2024
304046141,0,BE,04/04/2024
304046142,0,BE,04/04/2024
304046143,0,BE,04/04/2024
304046144,0,BE,04/04/2024
304046145,0,BE,04/04/2024
304046146,0,BE,04/04/2024
304046147,0,BE,04/04/2024
304046148,0,BE,04/04/2024
304046149,0,BE,04/04/2024
304046150,0,BE,04/04/2024
304046151,0,BE,04/04/2024
304046152,0,BE,04/04/2024
304046153,0,BE,04/04/2024
304046154,0,BE,04/04/2024
304046155,0,BE,04/04/2024
304046156,0,BE,04/04/2024
304046157,0,BE,04/04/2024
304046158,0,BE,04/04/2024
304046159,0,BE,04/04/2024
304046160,0,BE,04/04/2024
304046161,0,BE,04/04/2024
304046162,0,BE,04/04/2024
304046163,0,BE,04/04/2024
304046164,0,BE,04/04/2024
304046165,0,BE,04/04/2024
304046166,0,BE,04/04/2024
304046167,0,BE,04/04/2024
304046168,0,BE,04/04/2024
304046169,0,BE,04/04/2024
304046170,0,BE,04/04/2024
304046171,0,BE,04/04/2024
304046172,0,BE,04/04/2024
304046173,0,BE,04/04/2024
304046174,0,BE,04/04/2024
304046175,0,BE,04/04/2024
304046176,0,BE,04/04/2024
304046177,0,BE,04/04/2024
304046178,0,BE,04/04/2024
304046179,0,BE,04/04/2024
304046180,0,BE,04/04/2024
304046181,0,BE,04/04/2024
304046182,0,BE,04/04/2024
304046183,0,BE,04/04/2024
304046184,0,BE,04/04/2024
304046185,0,BE,04/04/2024
304046186,0,BE,04/04/2024
304046187,0,BE,04/04/2024
304046188,0,BE,04/04/2024
304046189,0,BE,04/04/2024
304046190,0,BE,04/04/2024
304046191,0,BE,04/04/2024
304046192,0,BE,04/04/2024
304046193,0,BE,04/04/2024
304046194,0,BE,04/04/2024
304046195,0,BE,04/04/2024
304046196,0,BE,04/04/2024
304046197,0,BE,04/04/2024
304046198,0,BE,04/04/2024
304046199,0,BE,04/04/2024
304046200,0,BE,04/04/2024
318163501,1B,BE,04/04/2024
318163502,1B,BE,04/04/2024
318163503,1B,BE,04/04/2024
318163504,1B,BE,04/04/2024
318163505,1B,BE,04/04/2024
318163506,1B,BE,04/04/2024
318163507,1B,BE,04/04/2024
318163508,1B,BE,04/04/2024
318163509,1B,BE,04/04/2024
318163510,1B,BE,04/04/2024
318163511,1B,BE,04/04/2024
318163512,1B,BE,04/04/2024
318163513,1B,BE,04/04/2024
318163514,1B,BE,04/04/2024
318163515,1B,BE,04/04/2024
318163516,1B,BE,04/04/2024
318163517,1B,BE,04/04/2024
318163518,1B,BE,04/04/2024
318163519,1B,BE,04/04/2024
318163520,1B,BE,04/04/2024
318163521,1B,BE,04/04/2024
318163522,1B,BE,04/04/2024
318163523,1B,BE,04/04/2024
318163524,1B,BE,04/04/2024
318163525,1B,BE,04/04/2024
318163526,1B,BE,04/04/2024
318163527,1B,BE,04/04/2024
318163528,1B,BE,04/04/2024
318163529,1B,BE,04/04/2024
318163530,1B,BE,04/04/2024
318163531,1B,BE,04/04/2024
318163532,1B,BE,04/04/2024
318163533,1B,BE,04/04/2024
318163534,1B,BE,04/04/2024
318163535,1B,BE,04/04/2024
318163536,1B,BE,04/04/2024
318163537,1B,BE,04/04/2024
318163538,1B,BE,04/04/2024
318163539,1B,BE,04/04/2024
318163540,1B,BE,04/04/2024
318163541,1B,BE,04/04/2024
318163542,1B,BE,04/04/2024
318163543,1B,BE,04/04/2024
318163544,1B,BE,04/04/2024
318163545,1B,BE,04/04/2024
318163546,1B,BE,04/04/2024
318163547,1B,BE,04/04/2024
318163548,1B,BE,04/04/2024
318163549,1B,BE,04/04/2024
318163550,1B,BE,04/04/2024
318163551,1B,BE,04/04/2024
318163552,1B,BE,04/04/2024
318163553,1B,BE,04/04/2024
318163554,1B,BE,04/04/2024
318163555,1B,BE,04/04/2024
318163556,1B,BE,04/04/2024
318163557,1B,BE,04/04/2024
318163558,1B,BE,04/04/2024
318163559,1B,BE,04/04/2024
318163560,1B,BE,04/04/2024
318163561,1B,BE,04/04/2024
318163562,1B,BE,04/04/2024
318163563,1B,BE,04/04/2024
318163564,1B,BE,04/04/2024
318163565,1B,BE,04/04/2024
318163566,1B,BE,04/04/2024
318163567,1B,BE,04/04/2024
318163568,1B,BE,04/04/2024
318163569,1B,BE,04/04/2024
318163570,1B,BE,04/04/2024
318163571,1B,BE,04/04/2024
318163572,1B,BE,04/04/2024
318163573,1B,BE,04/04/2024
318163574,1B,BE,04/04/2024
318163575,1B,BE,04/04/2024
318163576,1B,BE,04/04/2024
318163577,1B,BE,04/04/2024
318163578,1B,BE,04/04/2024
318163579,1B,BE,04/04/2024
318163580,1B,BE,04/04/2024
318163581,1B,BE,04/04/2024
318163582,1B,BE,04/04/2024
318163583,1B,BE,04/04/2024
318163584,1B,BE,04/04/2024
318163585,1B,BE,04/04/2024
318163586,1B,BE,04/04/2024
318163587,1B,BE,04/04/2024
318163588,1B,BE,04/04/2024
318163589,1B,BE,04/04/2024
318163590,1B,BE,04/04/2024
318163591,1B,BE,04/04/2024
318163592,1B,BE,04/04/2024
318163593,1B,BE,04/04/2024
318163594,1B,BE,04/04/2024
318163595,1B,BE,04/04/2024
318163596,1B,BE,04/04/2024
318163597,1B,BE,04/04/2024
318163598,1B,BE,04/04/2024
318163599,1B,BE,04/04/2024
318163600,1B,BE,04/04/2024
323142701,1A,BE,04/04/2024
323142702,1A,BE,04/04/2024
323142703,1A,BE,04/04/2024
323142704,1A,BE,04/04/2024
323142705,1A,BE,04/04/2024
323142706,1A,BE,04/04/2024
323142707,1A,BE,04/04/2024
323142708,1A,BE,04/04/2024
323142709,1A,BE,04/04/2024
323142710,1A,BE,04/04/2024
323142711,1A,BE,04/04/2024
323142712,1A,BE,04/04/2024
323142713,1A,BE,04/04/2024
323142714,1A,BE,04/04/2024
323142715,1A,BE,04/04/2024
323142716,1A,BE,04/04/2024
323142717,1A,BE,04/04/2024
323142718,1A,BE,04/04/2024
323142719,1A,BE,04/04/2024
323142720,1A,BE,04/04/2024
323142721,1A,BE,04/04/2024
323142722,1A,BE,04/04/2024
323142723,1A,BE,04/04/2024
323142724,1A,BE,04/04/2024
323142725,1A,BE,04/04/2024
323142726,1A,BE,04/04/2024
323142727,1A,BE,04/04/2024
323142728,1A,BE,04/04/2024
323142729,1A,BE,04/04/2024
323142730,1A,BE,04/04/2024
323142731,1A,BE,04/04/2024
323142732,1A,BE,04/04/2024
323142733,1A,BE,04/04/2024
323142734,1A,BE,04/04/2024
323142735,1A,BE,04/04/2024
323142736,1A,BE,04/04/2024
323142737,1A,BE,04/04/2024
323142738,1A,BE,04/04/2024
323142739,1A,BE,04/04/2024
323142740,1A,BE,04/04/2024
323142741,1A,BE,04/04/2024
323142742,1A,BE,04/04/2024
323142743,1A,BE,04/04/2024
323142744,1A,BE,04/04/2024
323142745,1A,BE,04/04/2024
323142746,1A,BE,04/04/2024
323142747,1A,BE,04/04/2024
323142748,1A,BE,04/04/2024
323142749,1A,BE,04/04/2024
323142750,1A,BE,04/04/2024
323142751,1A,BE,04/04/2024
323142752,1A,BE,04/04/2024
323142753,1A,BE,04/04/2024
323142754,1A,BE,04/04/2024
323142755,1A,BE,04/04/2024
323142756,1A,BE,04/04/2024
323142757,1A,BE,04/04/2024
323142758,1A,BE,04/04/2024
323142759,1A,BE,04/04/2024
323142760,1A,BE,04/04/2024
323142761,1A,BE,04/04/2024
323142762,1A,BE,04/04/2024
323142763,1A,BE,04/04/2024
323142764,1A,BE,04/04/2024
323142765,1A,BE,04/04/2024
323142766,1A,BE,04/04/2024
323142767,1A,BE,04/04/2024
323142768,1A,BE,04/04/2024
323142769,1A,BE,04/04/2024
323142770,1A,BE,04/04/2024
323142771,1A,BE,04/04/2024
323142772,1A,BE,04/04/2024
323142773,1A,BE,04/04/2024
323142774,1A,BE,04/04/2024
323142775,1A,BE,04/04/2024
323142776,1A,BE,04/04/2024
323142777,1A,BE,04/04/2024
323142778,1A,BE,04/04/2024
323142779,1A,BE,04/04/2024
323142780,1A,BE,04/04/2024
323142781,1A,BE,04/04/2024
323142782,1A,BE,04/04/2024
323142783,1A,BE,04/04/2024
323142784,1A,BE,04/04/2024
323142785,1A,BE,04/04/2024
323142786,1A,BE,04/04/2024
323142787,1A,BE,04/04/2024
323142788,1A,BE,04/04/2024
323142789,1A,BE,04/04/2024
323142790,1A,BE,04/04/2024
323142791,1A,BE,04/04/2024
323142792,1A,BE,04/04/2024
323142793,1A,BE,04/04/2024
323142794,1A,BE,04/04/2024
323142795,1A,BE,04/04/2024
323142796,1A,BE,04/04/2024
323142797,1A,BE,04/04/2024
323142798,1A,BE,04/04/2024
323142799,1A,BE,04/04/2024
323142800,1A,BE,04/04/2024